TIME, 0, FRED, 0.401886, -0.600796, 0.000843, -0.000153, 0.000366 -0.000027, -0.032274, 0.999161, 0.025212, 0.000283, -0.002549, -0.001048, GEORGE, -0.399915, -0.600833, 0.001068, -0.000275, 0.000000 0.000153, -0.001200, 0.999832, -0.016447, -0.000412, -0.004028, -0.001190
TIME, 0, FRED, 0.400953, -0.601668, -0.000418, -0.000284, 0.000094 -0.000346, -0.023877, 0.999390, 0.025470, -0.001841, -0.002549, 0.001048, GEORGE, -0.399487, -0.599552, 0.001602, -0.000122, 0.000305 0.000183, -0.009020, 0.999720, -0.018472, -0.000412, 0.000183, -0.001190
TIME, 1, FRED, 0.399373, -0.593449, -0.003381, -0.000874, 0.009309 -0.005528, -0.076642, 0.996901, 0.017738, -0.001841, -0.002549, -0.068123, GEORGE, -0.399594, -0.595386, -0.002884, 0.000214, 0.007538 -0.004883, 0.053619, 0.998470, 0.006830, 0.000961, -0.018860, 0.079470
TIME, 2, FRED, 0.400038, -0.579608, -0.013308, -0.000888, 0.017688 -0.011165, -0.210075, 0.977368, 0.024915, -0.000425, 0.000283, -0.130308, GEORGE, -0.396496, -0.585986, -0.007263, 0.001190, 0.014527 -0.008728, 0.190367, 0.980839, 0.039922, 0.001694, -0.038682, 0.156651
TIME, 3, FRED, 0.399337, -0.558541, -0.023712, -0.001366, 0.025866 -0.015721, -0.389956, 0.920763, 0.011407, 0.000991, -0.003965, -0.195985, GEORGE, -0.397458, -0.565370, -0.019013, 0.000977, 0.022950 -0.013703, 0.385464, 0.918806, 0.084805, -0.002518, -0.054979, 0.227470
TIME, 4, FRED, 0.399079, -0.527739, -0.044711, -0.001648, 0.034784 -0.021987, -0.592920, 0.804798, 0.027314, 0.000283, -0.004673, -0.246292, GEORGE, -0.397031, -0.537599, -0.033753, 0.001404, 0.031831 -0.018982, 0.627679, 0.763657, 0.150901, -0.006088, -0.068438, 0.284784
TIME, 5, FRED, 0.399132, -0.499462, -0.060256, -0.001292, 0.033267 -0.020601, -0.790197, 0.612467, 0.021750, 0.000283, -0.002549, -0.282624, GEORGE, -0.397458, -0.507477, -0.050951, 0.001312, 0.035829 -0.021912, 0.816924, 0.549111, 0.176270, -0.006775, -0.070543, 0.279839
TIME, 6, FRED, 0.394799, -0.471099, -0.079524, -0.002004, 0.032064 -0.020359, -0.920315, 0.390419, 0.024354, -0.003965, -0.006089, -0.251183, GEORGE, -0.396710, -0.474257, -0.071566, 0.001526, 0.037843 -0.023530, 0.921513, 0.323494, 0.214703, -0.006088, -0.066332, 0.229576
TIME, 7, FRED, 0.394580, -0.440628, -0.097583, -0.001613, 0.031693 -0.019854, -0.978458, 0.204380, 0.029130, -0.001841, -0.003257, -0.200876, GEORGE, -0.392758, -0.442748, -0.091647, 0.002258, 0.037538 -0.023499, 0.962309, 0.129642, 0.238914, -0.001831, -0.056398, 0.168691
TIME, 8, FRED, 0.393249, -0.410959, -0.116900, -0.001618, 0.031224 -0.019810, -0.997324, 0.070754, 0.018429, -0.003257, -0.001133, -0.137993, GEORGE, -0.387204, -0.407605, -0.113010, 0.002686, 0.037080 -0.023225, 0.969834, -0.001232, 0.243664, -0.000412, -0.045778, 0.111332
TIME, 9, FRED, 0.392359, -0.383673, -0.132494, -0.001457, 0.030324 -0.018878, -0.999618, -0.019824, 0.019274, -0.002549, 0.000991, -0.087687, GEORGE, -0.386242, -0.372997, -0.133518, 0.002045, 0.036348 -0.022706, 0.962991, -0.073739, 0.259114, -0.003937, -0.028794, 0.066012
TIME, 10, FRED, 0.391788, -0.353334, -0.150268, -0.001208, 0.030358 -0.018612, -0.997455, -0.066486, 0.025749, -0.004673, -0.002549, -0.047861, GEORGE, -0.384426, -0.340525, -0.154988, 0.001679, 0.034425 -0.022065, 0.954933, -0.110624, 0.275257, -0.001831, -0.020279, 0.036988
TIME, 11, FRED, 0.393283, -0.323536, -0.166914, -0.000587, 0.030252 -0.018170, -0.996084, -0.087325, 0.013846, -0.002549, 0.005239, -0.020612, GEORGE, -0.383038, -0.308268, -0.175176, 0.001495, 0.032777 -0.020905, 0.946331, -0.124003, 0.298320, 0.001694, -0.007553, 0.023576
TIME, 12, FRED, 0.391292, -0.293397, -0.186100, -0.000945, 0.030217 -0.018415, -0.995428, -0.093982, 0.017049, -0.003965, 0.003115, -0.002446, GEORGE, -0.381542, -0.278466, -0.195578, 0.001312, 0.030671 -0.020112, 0.944587, -0.160958, 0.286023, -0.002518, -0.001190, 0.009384
TIME, 13, FRED, 0.388708, -0.264669, -0.203181, -0.001289, 0.029888 -0.018060, -0.996934, -0.078121, 0.004382, -0.003257, 0.004531, 0.006638, GEORGE, -0.380581, -0.247703, -0.212989, 0.001190, 0.029359 -0.018525, 0.947217, -0.163820, 0.275525, 0.001694, 0.006546, -0.002609
TIME, 14, FRED, 0.389717, -0.235415, -0.220763, -0.000814, 0.029734 -0.017989, -0.995554, -0.093672, 0.009936, -0.001841, 0.004531, 0.005939, GEORGE, -0.379513, -0.217902, -0.231574, 0.000885, 0.027680 -0.017609, 0.949840, -0.156651, 0.270429, 0.000961, 0.009385, -0.009659
TIME, 15, FRED, 0.388648, -0.205876, -0.237955, -0.000879, 0.029650 -0.017851, -0.996303, -0.084806, -0.013696, 0.000991, 0.007363, 0.006638, GEORGE, -0.380047, -0.192160, -0.248238, 0.000488, 0.025361 -0.016389, 0.953623, -0.135780, 0.268510, 0.000275, 0.007279, -0.011078
TIME, 16, FRED, 0.385596, -0.175382, -0.256995, -0.001382, 0.029819 -0.018129, -0.998440, -0.054020, -0.014135, -0.002549, 0.000283, 0.005240, GEORGE, -0.380367, -0.166845, -0.266503, 0.000519, 0.023560 -0.015686, 0.957636, -0.123805, 0.259862, -0.000412, 0.005127, -0.006134
TIME, 17, FRED, 0.384363, -0.147514, -0.275964, -0.001334, 0.029352 -0.018359, -0.998946, -0.042662, -0.016920, -0.000425, 0.005239, 0.003843, GEORGE, -0.380688, -0.146656, -0.281030, 0.000580, 0.020997 -0.013978, 0.959639, -0.118028, 0.255138, -0.001099, 0.003021, -0.012497
TIME, 18, FRED, 0.385446, -0.115364, -0.291754, -0.000762, 0.029972 -0.017780, -0.998585, -0.044109, -0.029696, -0.001133, 0.005947, 0.005939, GEORGE, -0.381436, -0.124332, -0.294275, 0.000336, 0.019807 -0.012635, 0.957319, -0.113823, 0.265457, -0.000412, 0.003021, -0.013230
TIME, 19, FRED, 0.383426, -0.087884, -0.308026, -0.001330, 0.026256 -0.016198, -0.997974, -0.055001, -0.031987, -0.003257, -0.001133, -0.005240, GEORGE, -0.380581, -0.103503, -0.308054, 0.000702, 0.018464 -0.011933, 0.962905, -0.105618, 0.248074, -0.001831, 0.003021, -0.013230
TIME, 20, FRED, 0.382063, -0.066116, -0.323348, -0.001350, 0.022384 -0.014789, -0.998339, -0.055182, -0.016586, 0.000283, -0.003257, -0.003843, GEORGE, -0.378231, -0.082995, -0.320658, 0.001007, 0.017212 -0.010956, 0.963152, -0.078239, 0.257096, -0.000412, 0.004441, -0.015336
TIME, 21, FRED, 0.380474, -0.044357, -0.339088, -0.001322, 0.019929 -0.013740, -0.997266, -0.073513, -0.007522, 0.000991, -0.001133, -0.001048, GEORGE, -0.378658, -0.065691, -0.332301, 0.000519, 0.015656 -0.010102, 0.963895, -0.073917, 0.255684, -0.001831, 0.007279, -0.013230
TIME, 22, FRED, 0.379320, -0.025032, -0.352309, -0.001125, 0.017539 -0.012143, -0.999029, -0.041871, -0.013667, -0.000425, -0.000425, 0.000349, GEORGE, -0.377483, -0.050630, -0.342341, 0.000702, 0.013977 -0.009033, 0.968340, -0.058136, 0.242657, 0.000275, 0.007279, -0.011811
TIME, 23, FRED, 0.379573, -0.007523, -0.364169, -0.000749, 0.015483 -0.010736, -0.997529, -0.066963, -0.021279, -0.001841, -0.003257, -0.005240, GEORGE, -0.376629, -0.036210, -0.350780, 0.000427, 0.012879 -0.008057, 0.965950, -0.044597, 0.254621, 0.000275, 0.008698, -0.008972
TIME, 24, FRED, 0.379822, 0.003657, -0.373455, -0.000589, 0.012616 -0.009128, -0.997193, -0.074513, -0.007411, 0.003115, -0.003965, -0.007336, GEORGE, -0.376202, -0.023072, -0.360393, 0.000427, 0.011719 -0.007721, 0.968146, -0.040078, 0.246978, -0.002518, 0.007965, -0.011078
TIME, 25, FRED, 0.377087, 0.016214, -0.384563, -0.001165, 0.011189 -0.008529, -0.997666, -0.067813, -0.008069, -0.001133, -0.008921, -0.004541, GEORGE, -0.377590, -0.009720, -0.370113, -0.000031, 0.010773 -0.007233, 0.972586, -0.024036, 0.231114, -0.002518, 0.012955, -0.008240
TIME, 26, FRED, 0.376861, 0.027980, -0.392690, -0.000902, 0.009913 -0.007253, -0.998023, -0.062609, -0.005534, -0.002549, -0.007505, -0.000349, GEORGE, -0.376308, 0.001282, -0.376095, 0.000275, 0.009552 -0.005860, 0.974307, -0.023074, 0.223990, 0.001694, 0.008698, -0.007553
TIME, 27, FRED, 0.375471, 0.041536, -0.398866, -0.000938, 0.009430 -0.005904, -0.998203, -0.059513, 0.006981, 0.000283, -0.009629, -0.001747, GEORGE, -0.376629, 0.011109, -0.383358, 0.000000, 0.008545 -0.005615, 0.979399, -0.014450, 0.201214, -0.004669, 0.007965, -0.004715
TIME, 28, FRED, 0.375000, 0.051506, -0.403038, -0.000786, 0.007948 -0.004656, -0.996519, -0.081701, 0.016563, -0.001133, -0.011045, -0.005240, GEORGE, -0.377483, 0.018693, -0.387951, -0.000092, 0.007263 -0.004547, 0.981465, -0.012168, 0.191034, 0.000961, 0.007279, -0.012497
TIME, 29, FRED, 0.375209, 0.057124, -0.409772, -0.000438, 0.005942 -0.004587, -0.997311, -0.071261, 0.017124, -0.001133, -0.012460, -0.001048, GEORGE, -0.377163, 0.026277, -0.393933, 0.000183, 0.006500 -0.004211, 0.979575, -0.003636, 0.200867, -0.003250, 0.004441, -0.007553
TIME, 30, FRED, 0.374235, 0.071518, -0.409829, -0.002320, 0.015025 -0.000517, -0.994622, -0.095036, 0.041174, 0.002407, -0.006797, -0.008734, GEORGE, -0.376308, 0.033861, -0.400021, 0.000244, 0.006134 -0.004211, 0.979790, 0.005304, 0.199722, -0.000412, 0.002335, -0.008240
TIME, 31, FRED, 0.370583, 0.093416, -0.412037, -0.004415, 0.023478 0.002101, -0.996133, -0.079987, 0.036361, 0.000991, -0.001133, -0.001747, GEORGE, -0.375774, 0.041444, -0.402264, 0.000183, 0.005737 -0.003174, 0.978111, 0.007258, 0.207771, 0.000961, 0.004441, -0.006867
TIME, 32, FRED, 0.362122, 0.121449, -0.407039, -0.007303, 0.031651 0.006468, -0.995485, -0.087563, 0.036655, -0.000425, 0.000991, 0.001747, GEORGE, -0.377804, 0.046464, -0.406858, -0.000397, 0.004883 -0.003204, 0.980035, 0.018499, 0.197835, 0.000275, 0.002335, -0.006867
TIME, 33, FRED, 0.355621, 0.155698, -0.402991, -0.008041, 0.036348 0.008400, -0.994402, -0.095446, 0.045323, -0.001841, 0.005947, -0.008035, GEORGE, -0.377697, 0.051591, -0.406751, -0.000122, 0.004181 -0.001953, 0.978837, 0.042718, 0.200084, -0.000412, -0.003296, -0.014649
TIME, 34, FRED, 0.347606, 0.190695, -0.395773, -0.008474, 0.037543 0.009823, -0.993523, -0.109356, 0.030880, 0.000991, 0.008071, -0.017817, GEORGE, -0.374065, 0.063234, -0.408780, 0.002533, 0.013215 0.000702, 0.980136, 0.044791, 0.192847, 0.001694, -0.003296, -0.016755
TIME, 35, FRED, 0.339674, 0.225893, -0.387003, -0.008523, 0.037196 0.010616, -0.991365, -0.127504, 0.030617, -0.001841, 0.011611, -0.024105, GEORGE, -0.372250, 0.080324, -0.405042, 0.004028, 0.021058 0.003906, 0.979422, 0.059174, 0.192675, -0.000412, -0.004715, -0.028062
TIME, 36, FRED, 0.335435, 0.260960, -0.376464, -0.007393, 0.035724 0.011131, -0.986316, -0.164019, 0.016706, 0.001699, 0.010195, -0.024804, GEORGE, -0.367656, 0.105854, -0.403974, 0.005921, 0.028993 0.006073, 0.974459, 0.083378, 0.208272, 0.003113, -0.005448, -0.035157
TIME, 37, FRED, 0.329872, 0.296026, -0.367703, -0.007049, 0.033956 0.010547, -0.979760, -0.199982, -0.008846, -0.001133, 0.014443, -0.031092, GEORGE, -0.359432, 0.137898, -0.400128, 0.007660, 0.033845 0.007782, 0.971397, 0.107477, 0.211429, 0.000275, -0.008972, -0.033052
TIME, 38, FRED, 0.320926, 0.323941, -0.359568, -0.007494, 0.030457 0.009951, -0.977159, -0.210052, -0.032224, -0.000425, 0.015859, -0.025503, GEORGE, -0.352382, 0.169194, -0.392758, 0.008148, 0.034852 0.009064, 0.963927, 0.139749, 0.226409, 0.000961, -0.014649, -0.028794
TIME, 39, FRED, 0.313579, 0.351760, -0.350750, -0.007080, 0.027949 0.009716, -0.971990, -0.229604, -0.050164, -0.001133, 0.015151, -0.022708, GEORGE, -0.349284, 0.203161, -0.382824, 0.007202, 0.035157 0.009919, 0.952591, 0.179603, 0.245530, 0.000961, 0.001602, -0.023118
TIME, 40, FRED, 0.309033, 0.377088, -0.341097, -0.005824, 0.025407 0.009588, -0.968376, -0.242415, -0.059013, 0.001699, 0.011611, -0.015721, GEORGE, -0.347148, 0.233818, -0.370968, 0.006439, 0.033479 0.010437, 0.951771, 0.185419, 0.244302, 0.004532, 0.012223, -0.011811
TIME, 41, FRED, 0.304650, 0.402035, -0.332893, -0.005263, 0.023289 0.008696, -0.965340, -0.253450, -0.062309, 0.001699, 0.008779, -0.008035, GEORGE, -0.340739, 0.265649, -0.363704, 0.006989, 0.032075 0.009491, 0.949271, 0.202299, 0.240706, 0.002380, 0.015061, -0.004715
TIME, 42, FRED, 0.300364, 0.422196, -0.324697, -0.004784, 0.020488 0.008040, -0.966076, -0.247527, -0.073674, 0.000283, 0.002407, -0.003144, GEORGE, -0.331980, 0.296731, -0.354946, 0.007569, 0.030244 0.008972, 0.955802, 0.200047, 0.215378, 0.001694, 0.018586, 0.003021
TIME, 43, FRED, 0.295744, 0.442726, -0.316642, -0.004487, 0.018673 0.007460, -0.963811, -0.255069, -0.077506, 0.000991, 0.000283, 0.003144, GEORGE, -0.323115, 0.324717, -0.346187, 0.007630, 0.028016 0.008423, 0.955619, 0.199360, 0.216789, 0.000961, 0.015748, 0.005127
TIME, 44, FRED, 0.291389, 0.461408, -0.309661, -0.004152, 0.016740 0.006679, -0.966359, -0.244019, -0.081276, 0.002407, -0.001133, 0.008035, GEORGE, -0.317240, 0.351741, -0.340419, 0.006775, 0.025941 0.007233, 0.958288, 0.204104, 0.199825, 0.001694, 0.012955, 0.002335
TIME, 45, FRED, 0.285389, 0.476887, -0.302696, -0.004237, 0.014527 0.006103, -0.969567, -0.234283, -0.071070, -0.003965, -0.007505, 0.008035, GEORGE, -0.310938, 0.376736, -0.332514, 0.006104, 0.023682 0.007050, 0.962966, 0.187486, 0.193717, -0.001099, 0.011536, 0.010117
TIME, 46, FRED, 0.281890, 0.490401, -0.298348, -0.003647, 0.012617 0.005043, -0.973527, -0.213251, -0.082274, 0.000283, -0.007505, 0.013625, GEORGE, -0.303354, 0.396817, -0.327280, 0.005951, 0.020783 0.006134, 0.964613, 0.184043, 0.188512, 0.002380, 0.010804, 0.010117
TIME, 47, FRED, 0.278421, 0.502254, -0.291686, -0.003156, 0.010903 0.004946, -0.976639, -0.203888, -0.067870, 0.000991, -0.003965, 0.011529, GEORGE, -0.297052, 0.417539, -0.320124, 0.005310, 0.018952 0.006378, 0.969455, 0.168256, 0.178341, 0.001694, 0.006546, 0.012223
TIME, 48, FRED, 0.278637, 0.513358, -0.286739, -0.002042, 0.009563 0.004248, -0.975324, -0.207233, -0.076138, -0.001133, -0.008213, 0.010830, GEORGE, -0.295022, 0.434630, -0.310404, 0.003937, 0.016816 0.006592, 0.974306, 0.158955, 0.159186, 0.002380, 0.004441, 0.014328
TIME, 49, FRED, 0.275139, 0.522920, -0.281815, -0.002058, 0.008401 0.003838, -0.978461, -0.195533, -0.066190, 0.003115, -0.005381, 0.012227, GEORGE, -0.290002, 0.452254, -0.304743, 0.003906, 0.015442 0.005829, 0.979307, 0.143808, 0.142145, -0.002518, 0.001602, 0.008698
TIME, 50, FRED, 0.272599, 0.529434, -0.280024, -0.001886, 0.006743 0.002748, -0.982412, -0.176880, -0.059841, 0.002407, -0.006089, 0.014323, GEORGE, -0.286157, 0.468703, -0.301111, 0.003388, 0.014008 0.004944, 0.977644, 0.144059, 0.153097, -0.005356, -0.004028, 0.013642
TIME, 51, FRED, 0.270111, 0.538543, -0.275451, -0.001806, 0.006395 0.002992, -0.985136, -0.167103, -0.039779, -0.003965, -0.008921, 0.015022, GEORGE, -0.281671, 0.480987, -0.296197, 0.003113, 0.011933 0.004425, 0.981275, 0.118322, 0.151663, -0.002518, -0.001877, 0.010804
TIME, 52, FRED, 0.262821, 0.544171, -0.274467, -0.006996, 0.005573 0.000728, -0.989557, -0.139594, -0.035924, -0.002549, -0.000425, 0.014323, GEORGE, -0.276971, 0.493378, -0.291284, 0.003357, 0.010804 0.004303, 0.982377, 0.122786, 0.140532, -0.004669, -0.004715, 0.008698
TIME, 53, FRED, 0.254678, 0.550496, -0.273190, -0.009334, 0.005475 -0.000198, -0.990860, -0.129857, -0.036514, 0.000283, -0.003965, 0.015721, GEORGE, -0.274087, 0.504914, -0.287652, 0.002594, 0.009644 0.003754, 0.985081, 0.105979, 0.135162, -0.004669, -0.003296, 0.012223
TIME, 54, FRED, 0.244381, 0.555636, -0.274138, -0.010581, 0.004924 -0.001207, -0.993287, -0.111264, -0.031639, 0.000991, -0.003965, 0.008734, GEORGE, -0.270775, 0.513138, -0.284768, 0.002380, 0.007935 0.003266, 0.982140, 0.088166, 0.165929, -0.003937, -0.006134, 0.007965
TIME, 55, FRED, 0.234487, 0.562531, -0.275345, -0.010710, 0.004774 -0.001647, -0.992468, -0.119169, -0.028409, 0.000283, -0.002549, 0.007336, GEORGE, -0.269707, 0.522965, -0.280709, 0.001831, 0.007508 0.003235, 0.982755, 0.098075, 0.156389, -0.001831, -0.001190, 0.007965
TIME, 56, FRED, 0.224776, 0.566858, -0.276530, -0.010410, 0.003924 -0.001538, -0.994497, -0.101905, -0.024303, -0.002549, -0.005381, 0.012227, GEORGE, -0.266610, 0.529161, -0.278039, 0.001831, 0.006012 0.002808, 0.986730, 0.081386, 0.140214, -0.002518, 0.001602, 0.009384
TIME, 57, FRED, 0.214482, 0.572357, -0.276029, -0.010218, 0.003617 -0.001228, -0.995793, -0.090124, -0.016565, 0.004531, -0.001841, 0.008035, GEORGE, -0.261696, 0.534074, -0.277932, 0.006165, 0.005463 0.000610, 0.986924, 0.068923, 0.145337, -0.001099, 0.001602, 0.009384
TIME, 58, FRED, 0.207607, 0.575661, -0.277318, -0.009178, 0.002799 -0.001516, -0.996634, -0.078305, -0.024273, -0.001841, -0.006089, 0.005939, GEORGE, -0.255287, 0.540269, -0.277612, 0.008057, 0.005341 -0.000397, 0.989859, 0.070420, 0.123146, -0.002518, 0.007965, 0.005127
TIME, 59, FRED, 0.197681, 0.577790, -0.279042, -0.009105, 0.002027 -0.001755, -0.996680, -0.076879, -0.026801, 0.002407, -0.008921, -0.001747, GEORGE, -0.245888, 0.546144, -0.277612, 0.009552, 0.005066 -0.000763, 0.989376, 0.064761, 0.130085, -0.001831, -0.000458, 0.001602
TIME, 60, FRED, 0.187459, 0.577983, -0.281494, -0.008649, 0.001209 -0.001949, -0.996885, -0.076900, -0.017502, -0.000425, -0.012460, 0.001048, GEORGE, -0.237342, 0.551164, -0.278787, 0.009583, 0.004578 -0.001099, 0.987728, 0.059450, 0.144036, 0.005219, 0.000183, 0.002335
TIME, 61, FRED, 0.180416, 0.580372, -0.281926, -0.007397, 0.001542 -0.001596, -0.997351, -0.072679, -0.003126, 0.000283, -0.008213, -0.000349, GEORGE, -0.228263, 0.555971, -0.277932, 0.009522, 0.004089 -0.000763, 0.989006, 0.050959, 0.138644, 0.002380, -0.001190, -0.001190
TIME, 62, FRED, 0.174298, 0.582293, -0.285179, -0.006492, 0.001453 -0.001928, -0.997366, -0.072457, 0.003482, 0.001699, -0.008921, 0.008035, GEORGE, -0.221000, 0.560778, -0.278573, 0.008942, 0.003723 -0.001038, 0.988045, 0.047369, 0.146254, -0.000412, 0.003708, 0.005127
TIME, 63, FRED, 0.165789, 0.582890, -0.287449, -0.006323, 0.001043 -0.002053, -0.997162, -0.071725, 0.022871, 0.002407, -0.007505, -0.000349, GEORGE, -0.211921, 0.563875, -0.278146, 0.008728, 0.002930 -0.000855, 0.990244, 0.056351, 0.127007, -0.005356, 0.004441, 0.001602
TIME, 64, FRED, 0.167425, 0.581249, -0.291239, 0.002973, -0.002932 -0.005756, -0.997272, -0.070852, 0.020716, -0.001133, -0.003965, 0.000349, GEORGE, -0.201346, 0.568895, -0.280816, 0.008759, 0.003204 -0.001618, 0.992407, 0.055032, 0.109575, 0.003113, 0.006546, 0.006546
TIME, 65, FRED, 0.176439, 0.577453, -0.300649, 0.011815, -0.006485 -0.009922, -0.998001, -0.052624, 0.034986, 0.000991, -0.002549, 0.002446, GEORGE, -0.194296, 0.570604, -0.281884, 0.007721, 0.002350 -0.001709, 0.992750, 0.050181, 0.109125, 0.002380, 0.003021, 0.007279
TIME, 66, FRED, 0.194150, 0.568431, -0.311294, 0.020568, -0.010548 -0.013282, -0.998695, -0.045968, 0.022245, 0.005239, -0.008213, 0.007336, GEORGE, -0.187567, 0.573916, -0.281030, 0.006745, 0.002319 -0.001282, 0.994361, 0.045860, 0.095050, 0.001694, 0.005127, 0.008698
TIME, 67, FRED, 0.214915, 0.557419, -0.325389, 0.024757, -0.012643 -0.015287, -0.999013, -0.028659, 0.033953, -0.002549, -0.012460, 0.013625, GEORGE, -0.179876, 0.574663, -0.283807, 0.006439, 0.001587 -0.001709, 0.995982, 0.026285, 0.085099, 0.003800, 0.005127, 0.016480
TIME, 68, FRED, 0.235003, 0.547783, -0.334504, 0.026041, -0.012973 -0.014638, -0.998308, -0.022175, 0.053761, -0.001841, -0.017417, 0.020612, GEORGE, -0.176138, 0.577761, -0.284448, 0.005463, 0.001709 -0.001556, 0.996449, -0.000881, 0.083861, -0.001099, 0.012223, 0.017899
TIME, 69, FRED, 0.256752, 0.537726, -0.347528, 0.026219, -0.012766 -0.014944, -0.995606, 0.016625, 0.092153, -0.000425, -0.021664, 0.028996, GEORGE, -0.170583, 0.578723, -0.286691, 0.005066, 0.001251 -0.001770, 0.996921, -0.022686, 0.074769, 0.003800, 0.017167, 0.024262
TIME, 70, FRED, 0.279802, 0.528722, -0.363147, 0.025680, -0.011895 -0.015118, -0.993712, 0.050937, 0.099707, -0.001133, -0.018832, 0.024105, GEORGE, -0.164922, 0.577227, -0.290643, 0.004669, 0.000427 -0.002350, 0.998174, -0.054871, 0.024256, 0.003800, 0.019318, 0.027100
TIME, 71, FRED, 0.304781, 0.519633, -0.376971, 0.025366, -0.011416 -0.014373, -0.989410, 0.071886, 0.126094, -0.000425, -0.023789, 0.024804, GEORGE, -0.163961, 0.573809, -0.294916, -0.002899, -0.006836 -0.006714, 0.996705, -0.080392, -0.005087, -0.001099, 0.017167, 0.034883
TIME, 72, FRED, 0.327059, 0.507474, -0.389173, 0.023788, -0.011733 -0.013278, -0.985475, 0.094443, 0.141134, 0.000991, -0.021664, 0.018516, GEORGE, -0.171010, 0.565157, -0.301111, -0.010224, -0.013276 -0.010407, 0.994422, -0.103343, -0.018898, 0.002380, 0.012955, 0.022843
TIME, 73, FRED, 0.348497, 0.493712, -0.399313, 0.022280, -0.011917 -0.011956, -0.980683, 0.101981, 0.166917, -0.001841, -0.020956, 0.017817, GEORGE, -0.181158, 0.550844, -0.312860, -0.015992, -0.019440 -0.014191, 0.992754, -0.117441, -0.024049, 0.002380, 0.015061, 0.018586
TIME, 74, FRED, 0.367191, 0.483276, -0.410357, 0.020118, -0.010894 -0.011343, -0.979915, 0.102042, 0.171330, 0.003115, -0.011753, 0.012227, GEORGE, -0.196966, 0.528947, -0.327387, -0.020234, -0.024720 -0.016541, 0.991680, -0.121836, -0.040779, 0.000275, 0.010117, 0.004440
TIME, 75, FRED, 0.385014, 0.474436, -0.420632, 0.018395, -0.009813 -0.010330, -0.976009, 0.105907, 0.190236, 0.002407, -0.004673, -0.001747, GEORGE, -0.215979, 0.505448, -0.340953, -0.022217, -0.026917 -0.016907, 0.992104, -0.112351, -0.055031, 0.001694, 0.003021, -0.006867
TIME, 76, FRED, 0.401887, 0.466565, -0.428101, 0.016812, -0.008786 -0.008964, -0.972890, 0.100737, 0.208174, 0.001699, 0.004531, -0.012227, GEORGE, -0.233924, 0.477996, -0.357402, -0.022553, -0.028077 -0.017457, 0.993960, -0.094345, -0.055727, 0.002380, -0.003296, -0.013916
TIME, 77, FRED, 0.418538, 0.458116, -0.437343, 0.015426, -0.008178 -0.008761, -0.976219, 0.086657, 0.198713, 0.000991, 0.013027, -0.016419, GEORGE, -0.252510, 0.450865, -0.372570, -0.022095, -0.028077 -0.016907, 0.995698, -0.078615, -0.048517, 0.003113, -0.011078, -0.018860
TIME, 78, FRED, 0.435555, 0.449999, -0.446606, 0.014391, -0.007593 -0.008088, -0.983687, 0.062261, 0.168771, 0.001699, 0.021523, -0.026201, GEORGE, -0.272378, 0.427580, -0.388272, -0.021821, -0.026399 -0.016419, 0.996736, -0.079178, -0.015047, -0.000412, -0.011811, -0.031632
TIME, 79, FRED, 0.445404, 0.442765, -0.456221, 0.011780, -0.006742 -0.007628, -0.988009, 0.038215, 0.149593, -0.003257, 0.021523, -0.028297, GEORGE, -0.292459, 0.403546, -0.404508, -0.021088, -0.025452 -0.015717, 0.999173, -0.039573, 0.005599, -0.000412, -0.021699, -0.036576
TIME, 80, FRED, 0.456847, 0.435036, -0.462457, 0.010639, -0.006213 -0.006322, -0.992535, 0.007498, 0.121726, 0.003115, 0.019399, -0.027599, GEORGE, -0.311472, 0.379192, -0.418714, -0.019807, -0.024354 -0.014618, 0.998851, 0.002706, 0.047471, 0.001694, -0.028062, -0.041520
TIME, 81, FRED, 0.468901, 0.429344, -0.470179, 0.009867, -0.005278 -0.005844, -0.995446, -0.021715, 0.092820, -0.000425, 0.020815, -0.025503, GEORGE, -0.328349, 0.356868, -0.430784, -0.018311, -0.022736 -0.013092, 0.995831, 0.036903, 0.083040, 0.000275, -0.032319, -0.033738
TIME, 82, FRED, 0.476387, 0.423175, -0.474319, 0.008103, -0.004762 -0.004603, -0.996556, -0.048846, 0.067010, -0.003257, 0.018691, -0.028297, GEORGE, -0.346294, 0.334010, -0.442747, -0.017182, -0.021546 -0.012085, 0.993075, 0.062480, 0.099270, 0.000275, -0.031633, -0.029481
TIME, 83, FRED, 0.484698, 0.419478, -0.481076, 0.007255, -0.003793 -0.004522, -0.996375, -0.073650, 0.042584, 0.000283, 0.016567, -0.026900, GEORGE, -0.363277, 0.313715, -0.453642, -0.016144, -0.019868 -0.011017, 0.988112, 0.079327, 0.131243, 0.000275, -0.028794, -0.025269
TIME, 84, FRED, 0.494176, 0.410125, -0.484302, 0.005504, -0.011846 -0.002818, -0.994817, -0.094463, 0.037635, 0.000283, 0.007363, -0.013625, GEORGE, -0.375134, 0.291818, -0.468062, -0.013977, -0.018891 -0.011048, 0.984239, 0.092073, 0.150886, -0.005356, -0.018860, -0.024537
TIME, 85, FRED, 0.497053, 0.393941, -0.487917, 0.003182, -0.017083 -0.002167, -0.992900, -0.112163, 0.039603, 0.001699, 0.005239, -0.020612, GEORGE, -0.388699, 0.274087, -0.479705, -0.012970, -0.018403 -0.009919, 0.979402, 0.104048, 0.172686, -0.002518, -0.019593, -0.020280
TIME, 86, FRED, 0.501063, 0.376434, -0.488215, 0.002434, -0.019716 -0.001086, -0.990964, -0.128490, 0.038490, 0.001699, 0.008071, -0.019214, GEORGE, -0.399808, 0.254219, -0.488784, -0.011689, -0.019013 -0.008515, 0.973698, 0.118182, 0.194462, -0.000412, -0.017487, -0.017487
TIME, 87, FRED, 0.504548, 0.356733, -0.490108, 0.001876, -0.021330 -0.001125, -0.991594, -0.127206, 0.023672, -0.005381, 0.011611, -0.007336, GEORGE, -0.412412, 0.234351, -0.496261, -0.010865, -0.019593 -0.007233, 0.970172, 0.122745, 0.208801, 0.000961, -0.012497, -0.012497
TIME, 88, FRED, 0.508001, 0.337006, -0.492403, 0.001586, -0.021566 -0.001233, -0.993481, -0.114001, -0.000259, -0.000425, 0.010195, -0.009432, GEORGE, -0.423734, 0.215232, -0.504166, -0.010102, -0.020325 -0.006501, 0.970369, 0.135299, 0.200157, -0.000412, -0.014649, -0.009659
TIME, 89, FRED, 0.509687, 0.323140, -0.496111, 0.001006, -0.014221 -0.001570, -0.991874, -0.126680, -0.011789, -0.001133, 0.011611, -0.003843, GEORGE, -0.436338, 0.194403, -0.509827, -0.009491, -0.020661 -0.005493, 0.963881, 0.140951, 0.225949, -0.001099, -0.012497, -0.007553
TIME, 90, FRED, 0.510901, 0.314001, -0.497853, 0.000615, -0.009835 -0.001154, -0.991562, -0.124232, -0.037043, 0.000283, 0.011611, -0.007336, GEORGE, -0.447020, 0.176244, -0.515595, -0.008423, -0.019105 -0.005005, 0.963023, 0.137356, 0.231532, -0.002518, -0.013917, -0.006134
TIME, 91, FRED, 0.512547, 0.306351, -0.498511, 0.000691, -0.007482 -0.001009, -0.988822, -0.144959, -0.034887, -0.001133, 0.003823, -0.008734, GEORGE, -0.452681, 0.157872, -0.520295, -0.006623, -0.017548 -0.004303, 0.960722, 0.137814, 0.240665, -0.003250, -0.010391, -0.008240
TIME, 92, FRED, 0.511197, 0.297930, -0.499484, 0.000044, -0.006586 -0.001001, -0.987328, -0.150503, -0.050327, 0.000991, 0.003823, -0.009432, GEORGE, -0.461119, 0.140034, -0.526383, -0.006256, -0.016083 -0.004242, 0.955332, 0.140870, 0.259626, -0.001831, -0.008972, -0.009659
TIME, 93, FRED, 0.512551, 0.292229, -0.500545, 0.000413, -0.005535 -0.001006, -0.985695, -0.159122, -0.055547, -0.000425, 0.003115, -0.006638, GEORGE, -0.467742, 0.124332, -0.530869, -0.005402, -0.014649 -0.003784, 0.956859, 0.131946, 0.258698, 0.000275, -0.006867, -0.009659
TIME, 94, FRED, 0.512802, 0.287629, -0.502743, 0.000286, -0.004867 -0.001321, -0.984122, -0.169170, -0.053719, 0.000283, 0.001699, -0.009432, GEORGE, -0.473830, 0.112156, -0.534501, -0.004944, -0.012787 -0.003357, 0.957383, 0.148053, 0.247750, -0.000412, -0.000458, -0.012497
TIME, 95, FRED, 0.512463, 0.282463, -0.502626, 0.000064, -0.004764 -0.000560, -0.982448, -0.174311, -0.066418, -0.001841, -0.001133, -0.007336, GEORGE, -0.478744, 0.097201, -0.538453, -0.003998, -0.012299 -0.003021, 0.946690, 0.179409, 0.267479, -0.002518, -0.007553, -0.013916
TIME, 96, FRED, 0.514388, 0.276985, -0.503811, 0.000487, -0.004894 -0.000684, -0.983400, -0.174316, -0.050380, 0.000283, 0.004531, -0.004541, GEORGE, -0.480453, 0.084277, -0.540590, -0.002808, -0.011353 -0.002350, 0.950081, 0.182425, 0.252888, -0.001831, -0.001190, -0.010392
TIME, 97, FRED, 0.515587, 0.272447, -0.504173, 0.000615, -0.004597 -0.000599, -0.980947, -0.186668, -0.053838, -0.001841, -0.000425, -0.010830, GEORGE, -0.482269, 0.075304, -0.542192, -0.002228, -0.009796 -0.001587, 0.952854, 0.172150, 0.249653, 0.003113, -0.001190, -0.009659
TIME, 98, FRED, 0.514125, 0.267192, -0.503409, 0.000080, -0.004685 -0.000284, -0.978102, -0.199794, -0.058302, 0.000991, 0.002407, -0.010131, GEORGE, -0.484726, 0.064089, -0.545183, -0.002167, -0.009522 -0.001679, 0.951404, 0.172178, 0.255055, 0.002380, -0.004715, -0.006867
TIME, 99, FRED, 0.515384, 0.263350, -0.504282, 0.000320, -0.004511 -0.000479, -0.976072, -0.208712, -0.061008, -0.000425, -0.000425, -0.013625, GEORGE, -0.486648, 0.054048, -0.546251, -0.002014, -0.008942 -0.001343, 0.949324, 0.176340, 0.259952, 0.000961, -0.003296, -0.011811
TIME, 100, FRED, 0.515595, 0.257470, -0.505786, 0.000291, -0.004616 -0.000707, -0.975588, -0.216116, -0.039026, -0.000425, 0.001699, -0.009432, GEORGE, -0.489532, 0.044115, -0.549989, -0.002441, -0.008545 -0.001770, 0.945227, 0.193002, 0.263093, 0.001694, -0.000458, -0.010392
TIME, 101, FRED, 0.516216, 0.251719, -0.507372, 0.000328, -0.004727 -0.000934, -0.973808, -0.221402, -0.051756, 0.000991, 0.000283, -0.006638, GEORGE, -0.492309, 0.035249, -0.549135, -0.001923, -0.007721 -0.000610, 0.936677, 0.212906, 0.277861, 0.003113, -0.003296, -0.010392
TIME, 102, FRED, 0.515004, 0.249110, -0.506366, -0.000062, -0.004055 -0.000471, -0.974809, -0.217858, -0.047804, -0.000425, 0.001699, 0.003843, GEORGE, -0.498398, 0.028199, -0.551164, -0.002289, -0.006989 -0.000702, 0.930528, 0.229674, 0.285063, -0.002518, 0.001602, -0.006867
TIME, 103, FRED, 0.515642, 0.242688, -0.508263, 0.000083, -0.004627 -0.000782, -0.976093, -0.209023, -0.059596, 0.000283, -0.000425, -0.002446, GEORGE, -0.500000, 0.020081, -0.551912, -0.001343, -0.006806 -0.000397, 0.928155, 0.233959, 0.289392, 0.000275, 0.005860, -0.000458
TIME, 104, FRED, 0.515022, 0.239269, -0.508994, -0.000111, -0.004369 -0.000741, -0.974656, -0.210912, -0.074571, 0.002407, -0.001133, -0.000349, GEORGE, -0.500961, 0.014207, -0.552660, -0.000793, -0.005951 -0.000214, 0.931830, 0.234270, 0.277077, -0.002518, 0.004441, 0.000916
TIME, 105, FRED, 0.516538, 0.235469, -0.509903, 0.000405, -0.004242 -0.000763, -0.977221, -0.199344, -0.072810, 0.000283, -0.001133, 0.003843, GEORGE, -0.504700, 0.009614, -0.555223, -0.000977, -0.005493 -0.000641, 0.932696, 0.237437, 0.271379, -0.003250, 0.005127, -0.000458
TIME, 106, FRED, 0.516414, 0.231433, -0.509121, 0.000079, -0.003999 -0.000440, -0.975278, -0.209065, -0.071585, -0.003257, -0.006089, -0.004541, GEORGE, -0.505234, 0.003418, -0.556932, -0.000305, -0.005310 -0.000702, 0.933029, 0.228338, 0.277875, -0.005356, 0.003021, 0.000916
TIME, 107, FRED, 0.516047, 0.227613, -0.508968, 0.000026, -0.003914 -0.000223, -0.974948, -0.217647, -0.045883, 0.000283, -0.007505, -0.005939, GEORGE, -0.506195, -0.004807, -0.555864, -0.000244, -0.005707 -0.000214, 0.926613, 0.241866, 0.287705, 0.000275, 0.001602, 0.000183
TIME, 108, FRED, 0.515898, 0.224181, -0.511893, -0.000007, -0.003829 -0.000881, -0.972700, -0.226256, -0.051604, -0.001841, -0.008213, -0.006638, GEORGE, -0.506943, -0.009614, -0.554048, -0.000153, -0.005097 0.000336, 0.929955, 0.244465, 0.274481, -0.001831, 0.007279, 0.007279
TIME, 109, FRED, 0.517617, 0.219913, -0.511567, 0.000392, -0.003954 -0.000602, -0.967703, -0.245138, 0.058813, 0.000991, -0.128571, -0.007336, GEORGE, -0.505448, -0.014207, -0.555650, 0.000153, -0.005005 -0.000030, 0.933010, 0.233193, 0.274017, -0.001099, 0.007279, 0.006546
TIME, 110, FRED, 0.519637, 0.214160, -0.513918, 0.000742, -0.004185 -0.000994, -0.921824, -0.240097, 0.304292, 0.000283, -0.255301, -0.002446, GEORGE, -0.507157, -0.019654, -0.555544, -0.000244, -0.004822 0.000000, 0.931488, 0.242397, 0.271211, -0.001099, 0.005860, 0.003021
TIME, 111, FRED, 0.518350, 0.210816, -0.514011, -0.000046, -0.005489 -0.000575, -0.785134, -0.225668, 0.576748, 0.000283, -0.321144, -0.000349, GEORGE, -0.506943, -0.023393, -0.555330, 0.000092, -0.004456 0.000153, 0.934544, 0.239217, 0.263179, -0.001831, -0.000458, -0.001190
TIME, 112, FRED, 0.516588, 0.205120, -0.514519, -0.000362, -0.006529 -0.000469, -0.565324, -0.177838, 0.805470, 0.004531, -0.312648, 0.006638, GEORGE, -0.506943, -0.028626, -0.555544, 0.000092, -0.004639 0.000061, 0.935585, 0.228859, 0.268844, -0.000412, 0.002335, -0.001190
TIME, 113, FRED, 0.519160, 0.197337, -0.512926, 0.000295, -0.007156 0.000125, -0.336243, -0.098931, 0.936565, 0.005239, -0.274417, 0.011529, GEORGE, -0.506088, -0.031617, -0.557146, 0.000305, -0.004242 -0.000305, 0.933907, 0.223400, 0.279046, -0.001831, 0.001602, 0.001602
TIME, 114, FRED, 0.518660, 0.192198, -0.516134, 0.000103, -0.006670 -0.000621, -0.149811, -0.056301, 0.987110, 0.001699, -0.205034, 0.011529, GEORGE, -0.506516, -0.038880, -0.556185, 0.000244, -0.005158 -0.000061, 0.932681, 0.226647, 0.280483, 0.000275, 0.000915, 0.007279
TIME, 115, FRED, 0.516687, 0.184244, -0.513869, -0.000389, -0.006947 0.000274, 0.012324, -0.006555, 0.999903, 0.000283, -0.148395, 0.015022, GEORGE, -0.505020, -0.042405, -0.555757, 0.000458, -0.004730 0.000030, 0.936726, 0.217794, 0.273809, -0.001831, -0.000458, 0.005127
TIME, 116, FRED, 0.517353, 0.178521, -0.514650, -0.000242, -0.006348 -0.000060, 0.115587, 0.007371, 0.993270, 0.000283, -0.088216, 0.009432, GEORGE, -0.503632, -0.049348, -0.553942, 0.000671, -0.005554 0.000427, 0.945400, 0.200397, 0.256777, -0.001099, -0.000458, 0.002335
TIME, 117, FRED, 0.517048, 0.172022, -0.517972, -0.000306, -0.006125 -0.000809, 0.143186, 0.041331, 0.988833, 0.003115, -0.039364, 0.002446, GEORGE, -0.503525, -0.053407, -0.554262, 0.000519, -0.005188 0.000244, 0.941002, 0.219751, 0.257257, -0.000412, -0.004028, 0.000916
TIME, 118, FRED, 0.516577, 0.165305, -0.517317, -0.000336, -0.006021 -0.000235, 0.175180, 0.026334, 0.984184, 0.003115, -0.007505, -0.003144, GEORGE, -0.505234, -0.059282, -0.555116, 0.000000, -0.005310 0.000000, 0.937405, 0.228215, 0.262915, 0.000275, 0.000183, 0.002335
TIME, 119, FRED, 0.514567, 0.160227, -0.515390, -0.000677, -0.005581 0.000259, 0.066370, 0.000897, 0.997795, 0.002407, 0.122057, -0.003843, GEORGE, -0.500534, -0.064302, -0.553407, 0.000977, -0.005249 0.000366, 0.915170, 0.219894, 0.337670, 0.000275, -0.120853, -0.024537
TIME, 120, FRED, 0.515587, 0.155885, -0.515840, -0.000324, -0.004934 0.000054, -0.187083, -0.048052, 0.981168, 0.004531, 0.248788, -0.011528, GEORGE, -0.501495, -0.068469, -0.555116, 0.000336, -0.005005 -0.000183, 0.819048, 0.219735, 0.529843, -0.000412, -0.242622, -0.042253
TIME, 121, FRED, 0.516870, 0.149833, -0.512248, -0.000038, -0.004675 0.000842, -0.479366, -0.101438, 0.871733, 0.007363, 0.331622, -0.009432, GEORGE, -0.495941, -0.075198, -0.554048, 0.001312, -0.005646 0.000122, 0.654359, 0.158153, 0.739378, 0.003113, -0.275170, -0.046510
TIME, 122, FRED, 0.518470, 0.146436, -0.513894, 0.000403, -0.003705 -0.000136, -0.726447, -0.178730, 0.663574, 0.005239, 0.339411, -0.008734, GEORGE, -0.496475, -0.080218, -0.552232, 0.000336, -0.005463 0.000610, 0.422284, 0.096223, 0.901275, 0.003800, -0.258186, -0.044359
TIME, 123, FRED, 0.517367, 0.140565, -0.514939, -0.000101, -0.003758 -0.000268, -0.891960, -0.216767, 0.396762, 0.005947, 0.302595, -0.010131, GEORGE, -0.498505, -0.087267, -0.549669, -0.000397, -0.005493 0.000915, 0.219796, 0.037304, 0.974766, -0.001099, -0.208609, -0.035890
TIME, 124, FRED, 0.512887, 0.137817, -0.514725, -0.001076, -0.002839 -0.000180, -0.968318, -0.206103, 0.141003, 0.006655, 0.233212, -0.003843, GEORGE, -0.499680, -0.092288, -0.551164, -0.000549, -0.005402 0.000427, 0.114243, 0.040523, 0.992590, 0.005219, -0.085421, -0.011811
TIME, 125, FRED, 0.514704, 0.135937, -0.517113, -0.000036, -0.002281 -0.000755, -0.976587, -0.214604, -0.014917, 0.003823, 0.165245, -0.012926, GEORGE, -0.500534, -0.096560, -0.549989, -0.000610, -0.005127 0.000549, 0.120451, 0.037020, 0.991994, -0.000412, 0.034196, 0.005860
TIME, 126, FRED, 0.513992, 0.134652, -0.515866, -0.000145, -0.001779 -0.000267, -0.964977, -0.232443, -0.121610, 0.005947, 0.103650, -0.005939, GEORGE, -0.502564, -0.101794, -0.549455, -0.000702, -0.004608 0.000488, 0.159284, 0.055144, 0.985633, -0.000412, 0.034196, 0.007279
TIME, 127, FRED, 0.513992, 0.133226, -0.517777, -0.000052, -0.001470 -0.000597, -0.952412, -0.229505, -0.200596, 0.006655, 0.053382, -0.003843, GEORGE, -0.503845, -0.105746, -0.551698, -0.000397, -0.004059 -0.000214, 0.286343, 0.066435, 0.955763, 0.003113, 0.159490, 0.023576
TIME, 128, FRED, 0.515204, 0.129574, -0.517991, 0.000328, -0.001954 -0.000482, -0.953425, -0.221047, -0.205229, 0.007363, 0.014443, -0.005939, GEORGE, -0.503418, -0.108203, -0.552446, 0.000092, -0.002991 -0.000275, 0.470245, 0.122090, 0.873988, 0.001694, 0.223213, 0.033464
TIME, 129, FRED, 0.513865, 0.129324, -0.516898, -0.000120, -0.001010 -0.000106, -0.950761, -0.227169, -0.210825, 0.006655, -0.008213, -0.004541, GEORGE, -0.499466, -0.112156, -0.552660, 0.001068, -0.003174 -0.000061, 0.652847, 0.169652, 0.738188, 0.003800, 0.234519, 0.033464
TIME, 130, FRED, 0.514925, 0.127888, -0.516691, 0.000090, -0.000872 -0.000024, -0.968795, -0.226689, -0.100236, 0.005947, -0.134943, -0.002446, GEORGE, -0.498184, -0.115681, -0.553301, 0.000732, -0.003021 -0.000061, 0.799896, 0.196993, 0.566857, 0.003800, 0.212592, 0.027100
TIME, 131, FRED, 0.515544, 0.125418, -0.515508, 0.000210, -0.001128 0.000272, -0.957971, -0.253021, 0.135171, 0.005947, -0.258841, 0.008734, GEORGE, -0.500961, -0.120060, -0.554155, -0.000305, -0.002930 -0.000275, 0.890617, 0.220104, 0.397808, 0.005219, 0.168691, 0.017899
TIME, 132, FRED, 0.514285, 0.124254, -0.518064, -0.000164, -0.000836 -0.000347, -0.846674, -0.237395, 0.476222, 0.003115, -0.338844, 0.019913, GEORGE, -0.499466, -0.123691, -0.552980, 0.000092, -0.002686 0.000153, 0.934999, 0.228891, 0.270760, 0.002380, 0.122685, 0.010117
TIME, 133, FRED, 0.512024, 0.123190, -0.518995, -0.000651, -0.000560 -0.000452, -0.655965, -0.194139, 0.729397, 0.004531, -0.343800, 0.028297, GEORGE, -0.499039, -0.125935, -0.552339, 0.000214, -0.002136 0.000305, 0.954451, 0.238514, 0.179093, 0.001694, 0.077365, 0.002335
TIME, 134, FRED, 0.513061, 0.122795, -0.520826, -0.000084, -0.000472 -0.000743, -0.407388, -0.132366, 0.903612, 0.003823, -0.301320, 0.025503, GEORGE, -0.497757, -0.128498, -0.552980, 0.000397, -0.001953 0.000122, 0.962634, 0.235806, 0.132894, 0.005219, 0.036989, -0.001877
TIME, 135, FRED, 0.512068, 0.123307, -0.516974, -0.000330, -0.000223 0.000493, -0.189905, -0.045839, 0.980732, 0.002407, -0.229814, 0.028297, GEORGE, -0.496796, -0.128071, -0.553728, 0.000214, -0.001129 0.000000, 0.968421, 0.228721, 0.099181, 0.005219, 0.010117, -0.006867
TIME, 136, FRED, 0.512044, 0.124021, -0.517936, -0.000254, 0.000092 -0.000012, -0.038135, 0.002517, 0.999270, 0.004531, -0.166095, 0.015721, GEORGE, -0.497757, -0.131382, -0.553087, 0.000000, -0.001556 0.000092, 0.956952, 0.263060, 0.122540, -0.000412, -0.009659, -0.008240
TIME, 137, FRED, 0.508793, 0.121772, -0.518913, -0.000948, -0.000478 -0.000265, 0.092811, 0.030410, 0.995219, 0.001699, -0.108747, 0.010131, GEORGE, -0.499573, -0.131596, -0.553728, -0.000519, -0.000824 -0.000030, 0.938108, 0.267072, 0.220229, 0.001694, -0.131428, -0.016755
TIME, 138, FRED, 0.509107, 0.122524, -0.516599, -0.000494, 0.000100 0.000476, 0.138668, 0.044734, 0.989328, 0.000283, -0.054940, 0.007336, GEORGE, -0.502029, -0.135228, -0.554689, -0.000671, -0.001465 -0.000122, 0.855349, 0.262100, 0.446745, 0.003113, -0.253929, -0.028794
TIME, 139, FRED, 0.510731, 0.122069, -0.516267, -0.000031, 0.000001 0.000366, 0.154784, 0.072627, 0.985275, -0.000425, -0.018125, 0.006638, GEORGE, -0.500961, -0.134800, -0.552873, -0.000183, -0.000732 0.000427, 0.695759, 0.206981, 0.687720, 0.005951, -0.297098, -0.035157
TIME, 140, FRED, 0.510435, 0.121092, -0.518932, -0.000152, -0.000219 -0.000392, 0.155156, 0.067380, 0.985590, 0.000283, 0.004531, -0.003144, GEORGE, -0.499145, -0.135441, -0.553514, 0.000244, -0.000702 0.000214, 0.469345, 0.155994, 0.869034, 0.009476, -0.278695, -0.035157
TIME, 141, FRED, 0.510634, 0.122871, -0.519645, -0.000097, 0.000312 -0.000440, 0.036051, 0.042523, 0.998445, 0.000283, 0.131261, -0.011528, GEORGE, -0.500000, -0.136616, -0.553087, -0.000153, -0.000671 0.000397, 0.257252, 0.110923, 0.959909, 0.008789, -0.232002, -0.022431
TIME, 142, FRED, 0.512180, 0.123329, -0.519799, 0.000299, 0.000347 -0.000391, -0.182078, -0.023139, 0.983012, 0.000991, 0.255159, -0.024105, GEORGE, -0.500427, -0.137577, -0.554796, -0.000244, -0.000793 -0.000061, 0.125644, 0.067463, 0.989727, 0.008057, -0.103824, -0.008972
TIME, 143, FRED, 0.512568, 0.123469, -0.518263, 0.000306, 0.000260 0.000227, -0.477003, -0.087516, 0.874533, 0.001699, 0.333039, -0.034586, GEORGE, -0.502136, -0.137257, -0.551912, -0.000549, -0.000458 0.000580, 0.119144, 0.069712, 0.990382, 0.000961, 0.018586, 0.003021
TIME, 144, FRED, 0.513058, 0.124547, -0.518949, 0.000351, 0.000477 0.000026, -0.730603, -0.167725, 0.661882, 0.002407, 0.348614, -0.031092, GEORGE, -0.503418, -0.138432, -0.551592, -0.000763, -0.000641 0.000488, 0.136223, 0.076165, 0.987682, 0.000275, 0.018586, 0.004440
TIME, 145, FRED, 0.511143, 0.123359, -0.520256, -0.000271, 0.000054 -0.000182, -0.889147, -0.231772, 0.394587, 0.001699, 0.301887, -0.032489, GEORGE, -0.501923, -0.138005, -0.549562, -0.000244, -0.000366 0.000915, 0.232904, 0.096205, 0.967652, 0.000961, 0.141087, 0.013642
TIME, 146, FRED, 0.510936, 0.123533, -0.521171, -0.000217, 0.000089 -0.000375, -0.950201, -0.267890, 0.159227, -0.003257, 0.241708, -0.028297, GEORGE, -0.502564, -0.139073, -0.548387, -0.000458, -0.000366 0.000641, 0.425452, 0.136222, 0.894579, -0.001099, 0.226050, 0.019318
TIME, 147, FRED, 0.511537, 0.123559, -0.519192, 0.000015, 0.000145 0.000189, -0.968181, -0.249720, -0.016284, 0.000991, 0.165953, -0.017817, GEORGE, -0.502777, -0.139180, -0.548708, -0.000275, -0.000214 0.000214, 0.615324, 0.189166, 0.765207, -0.001831, 0.240928, 0.016480
TIME, 148, FRED, 0.512332, 0.123143, -0.518274, 0.000260, -0.000029 0.000331, -0.960523, -0.247669, -0.126713, -0.001133, 0.101526, -0.017817, GEORGE, -0.503311, -0.140675, -0.547426, -0.000366, -0.000488 0.000519, 0.777784, 0.223515, 0.587326, 0.001694, 0.226737, 0.019318
TIME, 149, FRED, 0.514789, 0.125475, -0.516696, 0.000563, 0.000713 0.000635, -0.943375, -0.272299, -0.189464, -0.001133, 0.050550, -0.014323, GEORGE, -0.500854, -0.140354, -0.549348, 0.000183, -0.000061 0.000092, 0.880922, 0.244798, 0.404958, 0.005219, 0.179312, 0.010117
TIME, 150, FRED, 0.512408, 0.126412, -0.518258, -0.000204, 0.000349 0.000078, -0.941794, -0.269692, -0.200723, -0.001841, 0.013735, -0.008035, GEORGE, -0.503098, -0.141423, -0.551164, -0.000397, -0.000336 -0.000336, 0.926709, 0.260524, 0.270647, 0.003800, 0.127629, 0.010117
TIME, 151, FRED, 0.511739, 0.126450, -0.519392, -0.000226, 0.000047 -0.000175, -0.945828, -0.258387, -0.196585, -0.000425, -0.006089, -0.002446, GEORGE, -0.502777, -0.140675, -0.551164, -0.000031, 0.000183 -0.000183, 0.945409, 0.266372, 0.187553, 0.001694, 0.082309, 0.005860
TIME, 152, FRED, 0.511986, 0.125071, -0.517708, -0.000048, -0.000254 0.000282, -0.945802, -0.268385, -0.182832, -0.003257, -0.018832, -0.004541, GEORGE, -0.504700, -0.140354, -0.550203, -0.000397, 0.000275 0.000061, 0.956276, 0.259325, 0.135109, 0.001694, 0.040559, 0.008698
TIME, 153, FRED, 0.512106, 0.123323, -0.518366, 0.000087, -0.000581 0.000106, -0.945816, -0.275952, -0.171124, 0.000991, -0.023789, -0.004541, GEORGE, -0.505875, -0.140248, -0.550203, -0.000336, 0.000061 0.000061, 0.957153, 0.262729, 0.121477, 0.003800, 0.018586, 0.005860
TIME, 154, FRED, 0.511787, 0.125741, -0.520574, -0.000066, 0.000357 -0.000403, -0.950698, -0.266032, -0.159373, -0.001133, -0.023081, 0.006638, GEORGE, -0.502350, -0.140675, -0.549989, 0.000702, 0.000000 0.000122, 0.959282, 0.259931, 0.110428, 0.003800, 0.000915, 0.003021
TIME, 155, FRED, 0.510513, 0.124925, -0.519276, -0.000325, 0.000050 0.000001, -0.957014, -0.255017, -0.138173, -0.004673, -0.027328, 0.002446, GEORGE, -0.503632, -0.140782, -0.551057, 0.000122, -0.000061 -0.000092, 0.961398, 0.243813, 0.127154, 0.003113, -0.011811, 0.003021
TIME, 156, FRED, 0.512559, 0.124888, -0.518578, 0.000175, 0.000032 0.000204, -0.955472, -0.269477, -0.120229, -0.000425, -0.020956, 0.003843, GEORGE, -0.505875, -0.142171, -0.550096, -0.000458, -0.000061 0.000122, 0.960263, 0.233875, 0.152123, 0.000961, -0.009659, -0.001190
TIME, 157, FRED, 0.511628, 0.124285, -0.520529, -0.000021, -0.000117 -0.000312, -0.961158, -0.259462, -0.094098, -0.001841, -0.023081, 0.001747, GEORGE, -0.501175, -0.140569, -0.549242, 0.000549, 0.000275 0.000214, 0.962090, 0.227174, 0.150596, 0.004532, -0.008240, -0.006867
TIME, 158, FRED, 0.511708, 0.124059, -0.519662, 0.000023, -0.000180 -0.000050, -0.963613, -0.258637, -0.067502, -0.001133, -0.024497, 0.005939, GEORGE, -0.504059, -0.140569, -0.548814, -0.000214, 0.000244 0.000214, 0.958265, 0.236391, 0.160497, 0.001694, -0.012497, -0.009659
TIME, 159, FRED, 0.511752, 0.123471, -0.519322, 0.000001, -0.000262 0.000070, -0.962373, -0.266681, -0.052141, 0.000283, -0.014585, 0.004542, GEORGE, -0.503632, -0.140569, -0.548601, 0.000000, 0.000183 0.000183, 0.952354, 0.255450, 0.166551, 0.004532, -0.010391, -0.010392
TIME, 160, FRED, 0.510357, 0.124049, -0.522362, -0.000310, -0.000023 -0.000659, -0.961685, -0.268723, -0.054318, -0.002549, -0.004673, 0.003843, GEORGE, -0.504059, -0.141102, -0.549242, -0.000061, 0.000061 0.000000, 0.945817, 0.265237, 0.187129, 0.004532, -0.011811, -0.008972
TIME, 161, FRED, 0.510180, 0.124570, -0.520628, -0.000228, 0.000097 -0.000111, -0.963700, -0.264760, -0.034402, -0.003257, -0.005381, 0.003843, GEORGE, -0.505448, -0.140782, -0.548601, -0.000244, -0.000061 0.000214, 0.939090, 0.277140, 0.203057, 0.002380, -0.011811, -0.001877
TIME, 162, FRED, 0.510584, 0.124645, -0.522439, -0.000069, 0.000076 -0.000466, -0.960776, -0.262707, 0.088849, -0.003965, -0.135651, 0.008734, GEORGE, -0.504273, -0.139607, -0.547853, -0.000031, 0.000214 0.000275, 0.941492, 0.274563, 0.195142, 0.002380, -0.013230, -0.003296
TIME, 163, FRED, 0.510077, 0.126085, -0.522311, -0.000116, 0.000378 -0.000322, -0.916376, -0.236184, 0.323222, -0.002549, -0.263089, 0.016420, GEORGE, -0.504700, -0.140248, -0.547319, -0.000061, -0.000122 0.000305, 0.942111, 0.267089, 0.202394, 0.006638, -0.010391, -0.000458
TIME, 164, FRED, 0.507761, 0.125345, -0.523367, -0.000610, -0.000155 -0.000496, -0.779617, -0.195950, 0.594812, -0.002549, -0.321852, 0.019214, GEORGE, -0.502029, -0.140888, -0.546571, 0.000427, -0.000275 0.000366, 0.945907, 0.248630, 0.208348, 0.002380, -0.011811, 0.000183
TIME, 165, FRED, 0.510492, 0.124924, -0.523354, 0.000312, -0.000147 -0.000474, -0.551720, -0.157361, 0.819050, -0.005381, -0.320436, 0.017118, GEORGE, -0.501389, -0.141850, -0.547853, 0.000275, -0.000488 -0.000030, 0.943415, 0.256515, 0.210013, 0.001694, -0.007553, -0.002609
TIME, 166, FRED, 0.510940, 0.127880, -0.521646, 0.000255, 0.000596 0.000171, -0.304002, -0.076311, 0.949610, -0.001133, -0.268753, 0.018516, GEORGE, -0.502777, -0.143238, -0.547212, 0.000000, -0.000458 -0.000061, 0.933698, 0.278330, 0.225101, 0.000961, -0.008240, -0.004715
TIME, 167, FRED, 0.510524, 0.126869, -0.524108, 0.000117, -0.000018 -0.000435, -0.119138, -0.028510, 0.992468, -0.000425, -0.201494, 0.014323, GEORGE, -0.505554, -0.140995, -0.547319, -0.000427, 0.000763 0.000000, 0.928306, 0.279275, 0.245298, 0.000275, -0.001877, 0.005127
TIME, 168, FRED, 0.512570, 0.125922, -0.524624, 0.000583, -0.000222 -0.000284, 0.028286, 0.011655, 0.999532, -0.003257, -0.136359, 0.015721, GEORGE, -0.506729, -0.141209, -0.546999, -0.000305, 0.000610 0.000122, 0.936011, 0.275092, 0.219313, -0.001831, 0.005860, 0.004440
TIME, 169, FRED, 0.510089, 0.126859, -0.522671, -0.000188, 0.000281 0.000284, 0.107019, 0.022849, 0.993995, -0.000425, -0.080428, 0.011529, GEORGE, -0.506622, -0.143666, -0.545503, -0.000183, -0.000061 0.000397, 0.934532, 0.287997, 0.208958, -0.002518, 0.004441, 0.001602
TIME, 170, FRED, 0.510336, 0.124743, -0.522463, -0.000084, -0.000484 0.000188, 0.148040, 0.044471, 0.987981, -0.001133, -0.037240, 0.008734, GEORGE, -0.505234, -0.140995, -0.546571, 0.000122, 0.000519 0.000092, 0.939838, 0.279767, 0.195913, 0.000961, 0.002335, 0.003021
TIME, 171, FRED, 0.509514, 0.123888, -0.523940, -0.000253, -0.000378 -0.000251, 0.140701, 0.065197, 0.987903, -0.002549, -0.005381, 0.003843, GEORGE, -0.502991, -0.140782, -0.547746, 0.000732, 0.000244 -0.000153, 0.942088, 0.276700, 0.189444, 0.000275, 0.003708, 0.005127
TIME, 172, FRED, 0.511590, 0.123769, -0.523444, 0.000231, -0.000234 -0.000088, 0.043693, 0.046226, 0.997975, -0.001133, 0.117809, -0.005939, GEORGE, -0.502670, -0.141209, -0.546892, 0.000397, 0.000031 0.000061, 0.944411, 0.244675, 0.219438, -0.001099, 0.003021, 0.006546
TIME, 173, FRED, 0.512547, 0.125126, -0.524989, 0.000421, 0.000232 -0.000461, -0.191941, -0.016322, 0.981271, 0.000991, 0.246664, -0.010830, GEORGE, -0.503418, -0.139073, -0.546464, 0.000122, 0.000549 0.000153, 0.920661, 0.243363, 0.305013, -0.000412, -0.120853, 0.006546
TIME, 174, FRED, 0.512389, 0.123873, -0.523941, 0.000295, -0.000121 0.000106, -0.462801, -0.064227, 0.884132, 0.002407, 0.330915, -0.021310, GEORGE, -0.504273, -0.138005, -0.545610, -0.000061, 0.000641 0.000336, 0.842678, 0.219491, 0.491543, -0.001831, -0.248253, 0.003021
TIME, 175, FRED, 0.514072, 0.124002, -0.525710, 0.000591, -0.000130 -0.000353, -0.715128, -0.168519, 0.678375, -0.001133, 0.337994, -0.024105, GEORGE, -0.503952, -0.137364, -0.546678, 0.000122, 0.000671 0.000061, 0.677941, 0.185442, 0.711261, -0.001099, -0.287210, 0.002335
TIME, 176, FRED, 0.514542, 0.124210, -0.525091, 0.000450, -0.000042 0.000068, -0.885899, -0.223577, 0.406443, 0.000991, 0.301887, -0.022708, GEORGE, -0.502884, -0.136829, -0.545396, 0.000336, 0.000610 0.000336, 0.461134, 0.121830, 0.878848, 0.002380, -0.270913, 0.003708
TIME, 177, FRED, 0.515161, 0.124555, -0.524759, 0.000394, 0.000085 0.000142, -0.952491, -0.252833, 0.169813, 0.000283, 0.238876, -0.016419, GEORGE, -0.504593, -0.138432, -0.543046, -0.000214, 0.000092 0.000549, 0.248058, 0.053857, 0.967185, 0.000275, -0.224906, 0.006546
TIME, 178, FRED, 0.512488, 0.122922, -0.522618, -0.000380, -0.000389 0.000591, -0.969356, -0.245556, 0.007215, -0.000425, 0.164537, -0.010830, GEORGE, -0.502029, -0.138218, -0.544328, 0.000366, 0.000183 0.000183, 0.116311, 0.023292, 0.992900, 0.001694, -0.093936, 0.004440
TIME, 179, FRED, 0.513579, 0.123172, -0.520506, -0.000071, -0.000266 0.000898, -0.963615, -0.258637, -0.067474, -0.000425, 0.041347, -0.007336, GEORGE, -0.499252, -0.137898, -0.546571, 0.000885, 0.000153 -0.000366, 0.122929, 0.020413, 0.992184, 0.000961, 0.032777, 0.000183
