TIME, 0, FRED, 0.397774, -0.602785, 0.000695, -0.000746, -0.000243 0.000209, -0.003284, 0.999747, 0.022244, 0.000283, 0.000991, -0.002446, GEORGE, -0.398846, -0.601795, 0.001389, -0.000061, -0.000061 0.000030, -0.013242, 0.999798, -0.014033, -0.001831, -0.000458, 0.000183
TIME, 0, FRED, 0.398239, -0.602273, 0.002806, -0.000494, -0.000111 0.000614, -0.004435, 0.999854, 0.016480, -0.001133, -0.000425, 0.001048, GEORGE, -0.398633, -0.601474, 0.002136, 0.000000, 0.000031 0.000214, -0.008012, 0.999593, -0.024646, -0.000412, 0.000915, 0.001602
TIME, 1, FRED, 0.399762, -0.593853, -0.000637, 0.000776, 0.009224 -0.004443, -0.082232, 0.996584, 0.007671, -0.001841, -0.003257, -0.055547, GEORGE, -0.400449, -0.596240, 0.000320, -0.001038, 0.007538 -0.003357, 0.082150, 0.996368, -0.020628, -0.001831, -0.000458, 0.106388
TIME, 2, FRED, 0.404029, -0.580031, -0.009311, 0.002380, 0.017685 -0.009577, -0.182051, 0.983174, 0.015022, 0.000991, -0.001133, -0.112141, GEORGE, -0.399594, -0.586306, -0.005341, -0.001129, 0.014313 -0.007233, 0.278220, 0.959804, -0.035902, -0.001831, 0.000183, 0.213279
TIME, 3, FRED, 0.405408, -0.558422, -0.020531, 0.002799, 0.026181 -0.014171, -0.338920, 0.940718, 0.013516, -0.003257, -0.003965, -0.161050, GEORGE, -0.401196, -0.568575, -0.015061, -0.001831, 0.021912 -0.011200, 0.531779, 0.846696, -0.014219, -0.001831, 0.000183, 0.296823
TIME, 4, FRED, 0.412014, -0.525930, -0.037038, 0.004416, 0.035721 -0.019242, -0.529083, 0.848368, 0.018530, -0.000425, -0.000425, -0.211357, GEORGE, -0.407285, -0.545610, -0.024461, -0.003296, 0.027039 -0.013123, 0.767368, 0.640877, -0.019881, -0.002518, 0.006546, 0.309595
TIME, 5, FRED, 0.415358, -0.496654, -0.054852, 0.004163, 0.034222 -0.018906, -0.722891, 0.690386, 0.028208, 0.000283, -0.003257, -0.279131, GEORGE, -0.409528, -0.520188, -0.035569, -0.003113, 0.029664 -0.014557, 0.914580, 0.402708, -0.035269, -0.001831, -0.000458, 0.265694
TIME, 6, FRED, 0.419354, -0.466902, -0.072701, 0.004082, 0.033130 -0.018675, -0.883237, 0.467197, 0.040244, -0.002549, -0.001841, -0.280528, GEORGE, -0.410916, -0.491669, -0.047105, -0.003082, 0.031770 -0.015198, 0.978620, 0.203057, -0.031243, -0.000412, -0.004715, 0.192770
TIME, 7, FRED, 0.419894, -0.438886, -0.087247, 0.003301, 0.031963 -0.017760, -0.967879, 0.248264, 0.039690, -0.001841, -0.005381, -0.229523, GEORGE, -0.414441, -0.458877, -0.059496, -0.003479, 0.033601 -0.015656, 0.996689, 0.076382, -0.027319, -0.002518, -0.003296, 0.126209
TIME, 8, FRED, 0.422396, -0.408793, -0.103801, 0.003142, 0.031583 -0.017483, -0.994312, 0.102594, 0.028604, -0.001133, -0.001841, -0.162448, GEORGE, -0.418821, -0.428221, -0.076693, -0.003815, 0.033998 -0.016907, 0.999906, 0.010476, -0.002067, -0.001831, -0.005448, 0.081622
TIME, 9, FRED, 0.427553, -0.377776, -0.117061, 0.003594, 0.031441 -0.016523, -0.999331, -0.020280, 0.030429, -0.003257, -0.005381, -0.110744, GEORGE, -0.426511, -0.397031, -0.095172, -0.004883, 0.034150 -0.017609, 0.998008, -0.061951, 0.006875, -0.001099, -0.003296, 0.049028
TIME, 10, FRED, 0.431997, -0.349591, -0.135669, 0.003805, 0.030639 -0.017011, -0.995192, -0.093715, 0.028462, -0.002549, -0.001133, -0.068822, GEORGE, -0.427580, -0.365841, -0.109272, -0.003754, 0.034211 -0.016816, 0.994932, -0.098537, 0.017441, 0.000275, 0.000183, 0.022843
TIME, 11, FRED, 0.436591, -0.319781, -0.151670, 0.003984, 0.030392 -0.016778, -0.990949, -0.130200, 0.032677, -0.002549, -0.003965, -0.029695, GEORGE, -0.431639, -0.328883, -0.123905, -0.003906, 0.035646 -0.016816, 0.994431, -0.104193, 0.012627, -0.000412, 0.007279, 0.007965
TIME, 12, FRED, 0.440998, -0.288847, -0.167133, 0.004110, 0.030488 -0.016502, -0.991949, -0.122725, 0.031230, -0.006089, -0.001841, -0.003144, GEORGE, -0.435270, -0.293527, -0.140141, -0.003754, 0.035951 -0.017151, 0.994159, -0.107636, 0.000052, -0.000412, 0.000915, -0.001190
TIME, 13, FRED, 0.442954, -0.258586, -0.180751, 0.003622, 0.030428 -0.015922, -0.992756, -0.118169, 0.021722, -0.003257, -0.001841, 0.005939, GEORGE, -0.439970, -0.258492, -0.158727, -0.004028, 0.035707 -0.017853, 0.995481, -0.094505, -0.000639, 0.000961, 0.005860, 0.000183
TIME, 14, FRED, 0.446755, -0.228816, -0.196554, 0.003641, 0.030301 -0.015892, -0.992609, -0.119682, 0.020104, -0.004673, -0.001841, 0.005240, GEORGE, -0.443068, -0.223457, -0.173681, -0.003784, 0.035768 -0.017182, 0.994864, -0.100897, -0.001505, 0.002380, 0.000915, -0.003296
TIME, 15, FRED, 0.451485, -0.199389, -0.211079, 0.003900, 0.030102 -0.015630, -0.993933, -0.109164, 0.013445, -0.006797, -0.002549, 0.015022, GEORGE, -0.446165, -0.187780, -0.190344, -0.003693, 0.035768 -0.017670, 0.995574, -0.092408, -0.013305, 0.003800, 0.001602, -0.003296
TIME, 16, FRED, 0.453936, -0.168452, -0.228923, 0.003569, 0.030260 -0.016158, -0.995449, -0.095186, 0.004607, -0.003257, -0.000425, 0.014323, GEORGE, -0.449477, -0.152424, -0.207968, -0.003571, 0.035676 -0.017609, 0.995457, -0.090833, -0.027912, 0.000275, 0.001602, -0.005448
TIME, 17, FRED, 0.456650, -0.137305, -0.245582, 0.003401, 0.030480 -0.016285, -0.997598, -0.068675, 0.009040, -0.001133, -0.001133, 0.015721, GEORGE, -0.453215, -0.116321, -0.226020, -0.003662, 0.035768 -0.017731, 0.995660, -0.090083, -0.022593, -0.000412, 0.003708, -0.001190
TIME, 18, FRED, 0.458678, -0.107398, -0.261725, 0.003047, 0.030327 -0.016286, -0.996692, -0.079530, 0.016731, -0.003965, -0.000425, 0.015022, GEORGE, -0.456847, -0.082674, -0.244713, -0.003662, 0.035463 -0.017975, 0.995512, -0.091977, -0.020481, 0.003113, 0.004441, -0.002609
TIME, 19, FRED, 0.462040, -0.075580, -0.276922, 0.003226, 0.032086 -0.017276, -0.999044, -0.039695, 0.018325, -0.003257, -0.005381, 0.015721, GEORGE, -0.460585, -0.046785, -0.261910, -0.003662, 0.035585 -0.017823, 0.994616, -0.101136, -0.020319, 0.001694, 0.003021, -0.001877
TIME, 20, FRED, 0.464506, -0.045353, -0.296005, 0.003044, 0.031556 -0.018198, -0.999266, -0.034168, 0.017328, 0.003115, -0.003257, 0.015022, GEORGE, -0.464965, -0.009186, -0.279214, -0.003815, 0.036042 -0.017701, 0.994069, -0.104246, -0.029501, -0.000412, 0.003021, 0.000183
TIME, 21, FRED, 0.470906, -0.016053, -0.312378, 0.003863, 0.030100 -0.017546, -0.999688, -0.012140, 0.021833, -0.003257, -0.006089, 0.015022, GEORGE, -0.466674, 0.024460, -0.297266, -0.003479, 0.035524 -0.017945, 0.993613, -0.104232, -0.042438, -0.000412, 0.002335, 0.000183
TIME, 22, FRED, 0.473208, 0.012973, -0.328620, 0.003201, 0.028428 -0.016580, -0.999807, 0.012024, 0.015512, -0.001841, 0.003115, 0.008734, GEORGE, -0.474364, 0.062380, -0.315104, -0.004639, 0.036042 -0.017914, 0.993997, -0.105271, -0.028181, -0.002518, -0.001877, 0.001602
TIME, 23, FRED, 0.476742, 0.039850, -0.344690, 0.003088, 0.026285 -0.015518, -0.999063, 0.027424, 0.033475, 0.000283, -0.002549, 0.005240, GEORGE, -0.476608, 0.098483, -0.332835, -0.003937, 0.036042 -0.017884, 0.994150, -0.103395, -0.031133, -0.003937, -0.007553, 0.000183
TIME, 24, FRED, 0.479604, 0.064273, -0.362706, 0.002732, 0.023812 -0.015039, -0.999163, 0.019960, 0.035689, 0.000283, 0.003823, 0.005240, GEORGE, -0.479598, 0.132023, -0.349391, -0.003723, 0.035463 -0.017548, 0.994580, -0.102659, -0.014987, -0.001831, -0.006134, 0.001602
TIME, 25, FRED, 0.482049, 0.087212, -0.374272, 0.002451, 0.021607 -0.012762, -0.999316, 0.033205, 0.016268, -0.003965, 0.003823, 0.008734, GEORGE, -0.485794, 0.167699, -0.365841, -0.004273, 0.035829 -0.017487, 0.994482, -0.104557, -0.003913, -0.003937, -0.006867, 0.007965
TIME, 26, FRED, 0.484195, 0.108816, -0.386810, 0.002165, 0.019607 -0.011538, -0.999376, 0.030533, 0.017748, -0.000425, 0.004531, 0.004542, GEORGE, -0.489639, 0.197287, -0.383251, -0.003296, 0.026704 -0.015412, 0.993514, -0.112587, 0.015048, 0.000961, -0.006134, 0.002335
TIME, 27, FRED, 0.486761, 0.128014, -0.398138, 0.002208, 0.017395 -0.010299, -0.999240, 0.036441, 0.013832, 0.000991, 0.000991, 0.010131, GEORGE, -0.492309, 0.218650, -0.398526, -0.002167, 0.018006 -0.012787, 0.993389, -0.114624, -0.000264, 0.003800, -0.001190, 0.012223
TIME, 28, FRED, 0.490367, 0.143859, -0.406133, 0.002231, 0.015014 -0.008649, -0.999570, 0.029265, -0.001845, -0.001133, 0.008779, 0.009432, GEORGE, -0.495087, 0.234566, -0.410810, -0.001648, 0.012177 -0.010559, 0.989391, -0.144343, -0.012841, -0.000412, 0.000183, 0.010804
TIME, 29, FRED, 0.492595, 0.158832, -0.413792, 0.001811, 0.013282 -0.007567, -0.998135, 0.060781, -0.005616, 0.002407, 0.002407, 0.010830, GEORGE, -0.497757, 0.247276, -0.422880, -0.001404, 0.008301 -0.009095, 0.989680, -0.142953, -0.007612, 0.000275, -0.006134, -0.004028
TIME, 30, FRED, 0.492621, 0.173742, -0.422184, 0.001155, 0.011975 -0.007026, -0.998413, 0.054966, 0.012258, 0.002407, -0.002549, 0.012926, GEORGE, -0.499680, 0.256248, -0.432066, -0.001129, 0.005432 -0.007538, 0.988959, -0.147070, -0.015223, -0.001831, -0.006867, -0.002609
TIME, 31, FRED, 0.496510, 0.184549, -0.431217, 0.001510, 0.010037 -0.006658, -0.998562, 0.051178, 0.015986, -0.001133, 0.001699, 0.002446, GEORGE, -0.499039, 0.260949, -0.438368, -0.000366, 0.002869 -0.005707, 0.990984, -0.133448, -0.007179, 0.000275, -0.007553, -0.002609
TIME, 32, FRED, 0.495886, 0.195109, -0.438700, 0.000622, 0.008759 -0.005835, -0.997907, 0.064630, 0.002256, -0.003257, 0.006655, 0.001048, GEORGE, -0.500534, 0.266609, -0.444670, -0.000336, 0.001862 -0.004669, 0.991594, -0.127790, 0.017995, -0.000412, -0.005448, -0.006867
TIME, 33, FRED, 0.494537, 0.203371, -0.444668, 0.000120, 0.007273 -0.004852, -0.998048, 0.062233, -0.005170, 0.000991, 0.004531, 0.002446, GEORGE, -0.494659, 0.273232, -0.447234, 0.009156, 0.007263 0.001251, 0.991693, -0.127077, 0.018091, -0.001831, -0.005448, -0.007553
TIME, 34, FRED, 0.494255, 0.212400, -0.448852, -0.000096, 0.006621 -0.003812, -0.997121, 0.072199, -0.023177, -0.001841, 0.006655, -0.001747, GEORGE, -0.480880, 0.282419, -0.446593, 0.017243, 0.011292 0.006348, 0.991123, -0.128422, 0.034240, -0.002518, -0.001877, -0.007553
TIME, 35, FRED, 0.490222, 0.222758, -0.447877, -0.007828, 0.011395 0.001881, -0.997587, 0.065962, -0.021671, -0.002549, 0.000283, -0.000349, GEORGE, -0.464751, 0.294915, -0.440397, 0.021119, 0.013550 0.009796, 0.994179, -0.105246, 0.022795, -0.001831, 0.001602, -0.006867
TIME, 36, FRED, 0.479100, 0.238126, -0.442479, -0.015475, 0.015990 0.007273, -0.997633, 0.065720, -0.020225, 0.001699, -0.001841, -0.006638, GEORGE, -0.445524, 0.306559, -0.432707, 0.022828, 0.013855 0.011322, 0.994059, -0.106943, 0.017681, -0.000412, 0.007279, -0.004028
TIME, 37, FRED, 0.459008, 0.253142, -0.435991, -0.021001, 0.017627 0.009938, -0.997735, 0.054027, -0.040080, 0.000991, -0.005381, -0.001747, GEORGE, -0.425764, 0.319163, -0.426405, 0.023164, 0.013672 0.011689, 0.995157, -0.097604, -0.005540, -0.000412, 0.009385, -0.001877
TIME, 38, FRED, 0.441215, 0.270113, -0.427203, -0.022308, 0.018314 0.011506, -0.998199, 0.055110, -0.023686, -0.000425, -0.010337, 0.002446, GEORGE, -0.406430, 0.333155, -0.416684, 0.022523, 0.013794 0.012085, 0.994409, -0.104714, -0.010824, 0.001694, 0.003021, -0.001877
TIME, 39, FRED, 0.421400, 0.288566, -0.417218, -0.022754, 0.018403 0.012200, -0.998994, 0.044851, 0.000302, 0.000991, -0.011045, -0.000349, GEORGE, -0.384747, 0.346507, -0.405896, 0.022279, 0.013276 0.012330, 0.994544, -0.102548, -0.017825, 0.003113, 0.007279, 0.001602
TIME, 40, FRED, 0.400026, 0.304725, -0.406542, -0.022638, 0.017528 0.012329, -0.998280, 0.056070, 0.017109, -0.001133, -0.008213, 0.009432, GEORGE, -0.364772, 0.358364, -0.394681, 0.020966, 0.012238 0.012085, 0.995196, -0.097457, -0.004057, 0.000961, 0.001602, -0.001877
TIME, 41, FRED, 0.380172, 0.320487, -0.396577, -0.021755, 0.016424 0.011740, -0.998321, 0.052568, 0.024337, -0.000425, -0.003257, 0.002446, GEORGE, -0.345546, 0.370861, -0.385388, 0.019440, 0.011475 0.011475, 0.994501, -0.104092, -0.003937, 0.000961, 0.005860, -0.003296
TIME, 42, FRED, 0.362662, 0.333937, -0.385287, -0.020232, 0.014920 0.011649, -0.997749, 0.066982, 0.003340, 0.000991, -0.001841, 0.001747, GEORGE, -0.326319, 0.381009, -0.373959, 0.018189, 0.010102 0.011567, 0.994102, -0.107975, -0.008446, 0.000275, 0.005127, -0.001190
TIME, 43, FRED, 0.344569, 0.347979, -0.378166, -0.019047, 0.013887 0.010619, -0.997637, 0.068433, 0.006187, 0.000283, -0.005381, -0.001048, GEORGE, -0.311899, 0.390194, -0.362423, 0.016114, 0.009186 0.010895, 0.994497, -0.104440, -0.002404, 0.000275, 0.003708, -0.008972
TIME, 44, FRED, 0.327623, 0.362817, -0.369190, -0.017631, 0.013245 0.010296, -0.997264, 0.069737, 0.024512, -0.001133, -0.005381, 0.000349, GEORGE, -0.297159, 0.397458, -0.353557, 0.014832, 0.007996 0.009552, 0.995358, -0.092875, -0.022851, 0.000961, 0.003021, -0.004715
TIME, 45, FRED, 0.312354, 0.375914, -0.359341, -0.016148, 0.012059 0.009963, -0.995843, 0.088539, 0.021386, 0.000283, -0.005381, -0.009432, GEORGE, -0.284341, 0.407392, -0.345546, 0.013031, 0.007721 0.008576, 0.995347, -0.091181, -0.030351, 0.000961, 0.001602, -0.001877
TIME, 46, FRED, 0.296135, 0.387570, -0.348793, -0.015023, 0.010700 0.009457, -0.997093, 0.071916, 0.025190, 0.003115, -0.005381, -0.011528, GEORGE, -0.269921, 0.415296, -0.337642, 0.012207, 0.006867 0.007874, 0.993035, -0.110336, -0.040638, 0.000961, 0.000915, -0.001190
TIME, 47, FRED, 0.279397, 0.395396, -0.339515, -0.014118, 0.008919 0.008663, -0.998006, 0.059897, 0.019889, -0.000425, 0.002407, -0.010830, GEORGE, -0.256783, 0.422773, -0.328883, 0.011292, 0.006317 0.007325, 0.995421, -0.087993, -0.035742, 0.000961, 0.001602, -0.005448
TIME, 48, FRED, 0.267544, 0.405375, -0.331868, -0.012197, 0.008304 0.007586, -0.997915, 0.064520, 0.001768, 0.003115, -0.002549, -0.008035, GEORGE, -0.249840, 0.426725, -0.321299, 0.009003, 0.004852 0.006684, 0.995851, -0.081213, -0.039571, -0.000412, 0.001602, -0.007553
TIME, 49, FRED, 0.257015, 0.412376, -0.323480, -0.010506, 0.007031 0.007116, -0.998861, 0.044939, 0.016017, 0.000991, -0.006797, -0.012227, GEORGE, -0.237129, 0.432279, -0.313501, 0.008911, 0.004608 0.006104, 0.996099, -0.081371, -0.033131, -0.001831, 0.000183, -0.007553
TIME, 50, FRED, 0.243743, 0.420231, -0.315576, -0.010058, 0.006468 0.006446, -0.999461, 0.032498, -0.004775, 0.000283, -0.001841, -0.008734, GEORGE, -0.227836, 0.439009, -0.309442, 0.007782, 0.004425 0.004883, 0.997527, -0.061472, -0.032496, -0.003250, 0.000183, -0.008972
TIME, 51, FRED, 0.233093, 0.426893, -0.307871, -0.008753, 0.005628 0.005837, -0.999336, 0.030894, 0.019338, -0.001841, -0.005381, -0.006638, GEORGE, -0.221320, 0.442427, -0.302179, 0.006409, 0.003418 0.004730, 0.997542, -0.061406, -0.032941, -0.000412, -0.003296, -0.006867
TIME, 52, FRED, 0.225502, 0.433904, -0.304112, -0.007277, 0.005216 0.004515, -0.999690, 0.023110, 0.009254, 0.001699, -0.003257, 0.001747, GEORGE, -0.216834, 0.446700, -0.295129, 0.005097, 0.003021 0.004425, 0.998530, -0.043435, -0.031711, 0.000961, -0.001190, -0.007553
TIME, 53, FRED, 0.218411, 0.438510, -0.298701, -0.006256, 0.004156 0.004024, -0.999559, 0.028656, 0.007784, -0.000425, -0.006089, -0.007336, GEORGE, -0.208609, 0.448943, -0.286584, 0.006043, 0.003937 0.012909, 0.998112, -0.037751, -0.047354, -0.000412, -0.005448, -0.003296
TIME, 54, FRED, 0.209610, 0.444101, -0.293066, -0.005844, 0.003857 0.003768, -0.999598, 0.012265, 0.025572, 0.000283, -0.007505, -0.004541, GEORGE, -0.202734, 0.455672, -0.267678, 0.005768, 0.005432 0.020112, 0.997989, -0.047297, -0.041243, -0.000412, -0.006867, -0.005448
TIME, 55, FRED, 0.202978, 0.450513, -0.283562, -0.005803, 0.005300 0.012360, -0.998936, 0.013109, 0.044225, -0.003965, -0.009629, -0.001048, GEORGE, -0.195044, 0.460265, -0.247063, 0.005768, 0.005371 0.022797, 0.998443, -0.030950, -0.046367, 0.003800, 0.004441, 0.000183
TIME, 56, FRED, 0.198703, 0.455055, -0.265061, -0.005331, 0.005524 0.019367, -0.998594, 0.034761, 0.040024, -0.000425, -0.008213, -0.001048, GEORGE, -0.186712, 0.467101, -0.222709, 0.005676, 0.005737 0.024293, 0.997188, -0.050566, -0.054274, -0.000412, 0.015061, -0.003296
TIME, 57, FRED, 0.193922, 0.463431, -0.243440, -0.004890, 0.006144 0.022612, -0.997768, 0.027305, 0.060947, -0.003965, -0.015293, -0.003144, GEORGE, -0.181051, 0.472015, -0.202521, 0.005158, 0.005341 0.023499, 0.995437, -0.050991, -0.080553, 0.000275, 0.022843, -0.006867
TIME, 58, FRED, 0.188320, 0.468280, -0.223163, -0.005002, 0.005834 0.023168, -0.996046, 0.023054, 0.085793, -0.001841, -0.014585, -0.000349, GEORGE, -0.173894, 0.477890, -0.178167, 0.004883, 0.005463 0.023011, 0.993573, -0.039008, -0.105912, -0.000412, 0.020737, -0.005448
TIME, 59, FRED, 0.183430, 0.472929, -0.199259, -0.004473, 0.005326 0.023223, -0.994970, 0.016831, 0.098748, 0.000283, -0.016709, -0.008035, GEORGE, -0.172292, 0.483230, -0.157659, 0.003143, 0.005097 0.021180, 0.993328, -0.036530, -0.109287, -0.003250, 0.020737, -0.000458
TIME, 60, FRED, 0.175893, 0.479065, -0.177287, -0.004679, 0.005209 0.022381, -0.992600, -0.000190, 0.121432, -0.001133, -0.014585, 0.001048, GEORGE, -0.168874, 0.488571, -0.137471, 0.002838, 0.004517 0.019593, 0.993630, -0.027497, -0.108827, 0.002380, 0.015748, -0.002609
TIME, 61, FRED, 0.171309, 0.485527, -0.154743, -0.003890, 0.005019 0.021406, -0.992795, 0.011818, 0.119244, -0.001133, -0.011753, -0.002446, GEORGE, -0.164815, 0.492737, -0.116001, 0.002716, 0.003845 0.018525, 0.988948, -0.030968, -0.144666, 0.000961, 0.015061, -0.003296
TIME, 62, FRED, 0.168063, 0.488945, -0.134512, -0.003144, 0.004076 0.019807, -0.991584, 0.026684, 0.126682, 0.002407, -0.004673, 0.003144, GEORGE, -0.162999, 0.496154, -0.101581, 0.001923, 0.003174 0.015870, 0.987282, -0.041080, -0.153345, -0.000412, 0.008698, 0.000183
TIME, 63, FRED, 0.168101, 0.492747, -0.117121, -0.001823, 0.003694 0.017773, -0.993166, 0.007766, 0.116451, -0.003257, -0.000425, -0.003843, GEORGE, -0.160543, 0.498932, -0.087695, 0.001526, 0.002869 0.014008, 0.987999, -0.047061, -0.146953, 0.000961, 0.006546, -0.002609
TIME, 64, FRED, 0.166328, 0.496578, -0.100747, -0.001802, 0.003430 0.016008, -0.991484, 0.008745, 0.129938, 0.003115, 0.001699, -0.001048, GEORGE, -0.156697, 0.502564, -0.072207, 0.001862, 0.002777 0.013001, 0.988488, -0.038329, -0.146248, -0.000412, 0.000915, -0.002609
TIME, 65, FRED, 0.162397, 0.501320, -0.086116, -0.002188, 0.003250 0.014303, -0.993537, 0.011384, 0.112939, 0.001699, 0.002407, -0.000349, GEORGE, -0.157125, 0.505127, -0.056078, 0.001038, 0.002716 0.012116, 0.988251, -0.030197, -0.149596, 0.000275, -0.001190, -0.005448
TIME, 66, FRED, 0.159101, 0.504477, -0.072721, -0.002079, 0.002685 0.012712, -0.994005, 0.017352, 0.107945, -0.001133, 0.002407, 0.002446, GEORGE, -0.153706, 0.507370, -0.047533, 0.001190, 0.002045 0.009827, 0.987914, -0.035678, -0.150528, -0.001831, -0.002609, -0.004028
TIME, 67, FRED, 0.160254, 0.507961, -0.053942, 0.001325, 0.003544 0.016911, -0.995523, 0.010121, 0.093978, 0.002407, 0.002407, -0.005240, GEORGE, -0.154454, 0.510468, -0.036851, 0.000214, 0.001892 0.008698, 0.987455, -0.021271, -0.156306, -0.001099, -0.004715, -0.002609
TIME, 68, FRED, 0.161472, 0.509590, -0.041536, 0.000707, 0.002254 0.012743, -0.995251, 0.020978, 0.095055, -0.001133, 0.005947, -0.003144, GEORGE, -0.157018, 0.512284, -0.028092, -0.000275, 0.001434 0.007599, 0.989886, -0.001767, -0.141481, 0.000275, -0.007553, -0.003296
TIME, 69, FRED, 0.161244, 0.511973, -0.029470, 0.000086, 0.001795 0.010351, -0.996959, 0.012789, 0.076872, 0.001699, 0.011611, -0.005240, GEORGE, -0.154027, 0.513245, -0.022004, 0.000580, 0.000977 0.006104, 0.990179, -0.007204, -0.139515, 0.001694, -0.014649, 0.003021
TIME, 70, FRED, 0.159944, 0.516335, -0.021059, -0.000347, 0.001926 0.008029, -0.998408, 0.007518, 0.055909, 0.000283, 0.010903, -0.005240, GEORGE, -0.149113, 0.514954, -0.016022, 0.008789, 0.001129 0.005310, 0.992927, -0.000723, -0.118577, 0.003800, -0.022431, 0.001602
TIME, 71, FRED, 0.158593, 0.516089, -0.014110, -0.000681, 0.000818 0.006446, -0.998784, 0.010426, 0.048188, 0.000283, 0.011611, -0.006638, GEORGE, -0.143345, 0.513566, -0.014206, 0.005951, -0.002472 -0.002838, 0.995878, -0.010259, -0.089590, 0.001694, -0.020279, -0.001190
TIME, 72, FRED, 0.158878, 0.515850, -0.010536, 0.004836, -0.001066 -0.001929, -0.998758, -0.011399, 0.048499, -0.004673, 0.013735, -0.008035, GEORGE, -0.134907, 0.513566, -0.016343, 0.006500, -0.001801 -0.002594, 0.997236, -0.018073, -0.071337, 0.004532, -0.021012, -0.000458
TIME, 73, FRED, 0.169984, 0.513254, -0.017549, 0.011414, -0.003023 -0.010644, -0.998559, -0.020213, 0.049714, 0.000283, 0.011611, -0.006638, GEORGE, -0.132664, 0.506836, -0.026063, -0.000305, -0.007538 -0.011200, 0.997809, -0.019613, -0.062716, 0.003800, -0.024537, 0.000183
TIME, 74, FRED, 0.185119, 0.510761, -0.035212, 0.017216, -0.004555 -0.019810, -0.999460, -0.021219, 0.025081, 0.002407, 0.018691, -0.008035, GEORGE, -0.137471, 0.497437, -0.038774, -0.007385, -0.012329 -0.018555, 0.999321, -0.019404, -0.029816, 0.004532, -0.025269, 0.001602
TIME, 75, FRED, 0.204138, 0.503811, -0.059113, 0.022483, -0.006873 -0.028254, -0.999463, -0.030521, 0.011901, -0.004673, 0.015151, -0.008035, GEORGE, -0.146977, 0.485901, -0.059175, -0.014161, -0.016785 -0.026124, 0.999826, -0.015700, 0.001555, 0.003113, -0.029481, -0.010392
TIME, 76, FRED, 0.224104, 0.497972, -0.086597, 0.025260, -0.007662 -0.033240, -0.998162, -0.058317, 0.016501, 0.001699, 0.010195, -0.009432, GEORGE, -0.161824, 0.468383, -0.083529, -0.020722, -0.021729 -0.032990, 0.999642, -0.003278, 0.025597, 0.000275, -0.023118, -0.016068
TIME, 77, FRED, 0.246402, 0.492430, -0.116115, 0.026362, -0.007821 -0.035092, -0.998315, -0.058014, 0.001640, 0.003115, 0.005239, -0.009432, GEORGE, -0.182867, 0.448516, -0.115894, -0.025056, -0.024567 -0.037080, 0.999042, 0.018116, 0.038684, 0.000275, -0.016068, -0.025269
TIME, 78, FRED, 0.267469, 0.486929, -0.146548, 0.025908, -0.007607 -0.035190, -0.996522, -0.081456, -0.017568, 0.002407, 0.001699, -0.015721, GEORGE, -0.207007, 0.428648, -0.148793, -0.026826, -0.025208 -0.038087, 0.998089, 0.048631, 0.037777, -0.003937, -0.013917, -0.026688
TIME, 79, FRED, 0.289772, 0.480353, -0.177957, 0.025170, -0.007599 -0.034328, -0.995571, -0.093998, -0.001959, 0.001699, 0.008779, -0.022009, GEORGE, -0.228797, 0.406644, -0.179769, -0.026368, -0.025483 -0.037141, 0.996611, 0.070196, 0.041869, -0.001099, -0.009659, -0.031632
TIME, 80, FRED, 0.310063, 0.474845, -0.207306, 0.023924, -0.007167 -0.032649, -0.992655, -0.120459, -0.011192, -0.000425, -0.002549, -0.019913, GEORGE, -0.252083, 0.384960, -0.209143, -0.025727, -0.025056 -0.035340, 0.993183, 0.108204, 0.042703, 0.002380, -0.008972, -0.030900
TIME, 81, FRED, 0.332517, 0.467739, -0.236110, 0.022976, -0.007264 -0.030779, -0.989080, -0.145533, -0.023273, 0.000991, -0.002549, -0.019214, GEORGE, -0.276223, 0.360179, -0.241295, -0.025025, -0.024873 -0.034150, 0.986690, 0.152323, 0.055816, 0.001694, -0.002609, -0.029481
TIME, 82, FRED, 0.355682, 0.460226, -0.264987, 0.021932, -0.007273 -0.028943, -0.991010, -0.132853, -0.015818, -0.000425, 0.000283, -0.019214, GEORGE, -0.299081, 0.337000, -0.272271, -0.023621, -0.023957 -0.032136, 0.983490, 0.175271, 0.043814, -0.001831, -0.001877, -0.027375
TIME, 83, FRED, 0.375371, 0.453815, -0.292907, 0.020020, -0.006747 -0.026976, -0.986915, -0.160961, -0.009527, -0.001133, -0.001841, -0.017817, GEORGE, -0.317667, 0.315424, -0.302179, -0.021271, -0.022736 -0.030061, 0.979455, 0.197778, 0.038932, 0.001694, -0.004028, -0.023850
TIME, 84, FRED, 0.394167, 0.449416, -0.316143, 0.018314, -0.005733 -0.024124, -0.985849, -0.167459, -0.007688, -0.003257, -0.002549, -0.017817, GEORGE, -0.338176, 0.293634, -0.328883, -0.020051, -0.021790 -0.027467, 0.978546, 0.205073, 0.019170, 0.005219, -0.006867, -0.015336
TIME, 85, FRED, 0.410397, 0.444769, -0.342115, 0.016369, -0.005256 -0.022811, -0.982030, -0.188211, -0.013926, 0.001699, 0.000991, -0.020612, GEORGE, -0.358150, 0.272805, -0.358577, -0.018708, -0.020661 -0.026185, 0.975972, 0.210091, 0.057333, -0.001099, -0.007553, -0.010392
TIME, 86, FRED, 0.427383, 0.439285, -0.361878, 0.015104, -0.005044 -0.019883, -0.977297, -0.210650, -0.022739, -0.000425, 0.001699, -0.022009, GEORGE, -0.375347, 0.252831, -0.383145, -0.016724, -0.019318 -0.023408, 0.969368, 0.237935, 0.059850, -0.001099, -0.006134, -0.014649
TIME, 87, FRED, 0.440650, 0.433264, -0.380690, 0.013145, -0.004961 -0.017751, -0.975369, -0.219318, -0.023538, 0.003115, 0.003823, -0.017118, GEORGE, -0.394574, 0.235206, -0.404080, -0.015900, -0.017853 -0.020600, 0.968711, 0.241014, 0.058895, -0.000412, -0.000458, -0.009659
TIME, 88, FRED, 0.453741, 0.428534, -0.399111, 0.011786, -0.004381 -0.016095, -0.974437, -0.223884, -0.018688, 0.000283, 0.000283, -0.016419, GEORGE, -0.407712, 0.217689, -0.424268, -0.013428, -0.016694 -0.018372, 0.966477, 0.251719, 0.049528, -0.003937, -0.001190, -0.013230
TIME, 89, FRED, 0.467101, 0.423548, -0.413184, 0.010859, -0.004075 -0.013758, -0.966944, -0.252149, -0.037956, -0.000425, 0.003115, -0.020612, GEORGE, -0.419568, 0.198889, -0.442961, -0.011658, -0.016114 -0.016419, 0.966418, 0.252837, 0.045421, -0.001831, -0.002609, -0.006867
TIME, 90, FRED, 0.476460, 0.419249, -0.427443, 0.009070, -0.003596 -0.012302, -0.969703, -0.241828, -0.034564, -0.000425, 0.003823, -0.007336, GEORGE, -0.431425, 0.184896, -0.459944, -0.010468, -0.014405 -0.014313, 0.968817, 0.243896, 0.042574, -0.003250, -0.002609, -0.007553
TIME, 91, FRED, 0.487348, 0.416748, -0.439514, 0.008301, -0.002890 -0.010713, -0.963826, -0.264170, -0.035419, 0.001699, 0.004531, -0.012227, GEORGE, -0.443281, 0.177526, -0.476714, -0.009980, -0.004639 -0.013611, 0.967642, 0.245896, 0.056259, 0.000961, -0.004028, -0.008240
TIME, 92, FRED, 0.495015, 0.413453, -0.450536, 0.006925, -0.002672 -0.009258, -0.958205, -0.284256, -0.032267, 0.000283, 0.000991, -0.008734, GEORGE, -0.454817, 0.175176, -0.490280, -0.009003, 0.004089 -0.011811, 0.964901, 0.255363, 0.060177, -0.002518, -0.002609, -0.007553
TIME, 93, FRED, 0.502404, 0.410838, -0.460903, 0.005984, -0.002274 -0.008181, -0.956880, -0.288810, -0.031153, 0.000991, 0.000991, -0.000349, GEORGE, -0.465072, 0.181371, -0.503525, -0.007721, 0.011109 -0.010041, 0.961477, 0.266445, 0.066805, -0.001099, -0.001877, -0.008240
TIME, 94, FRED, 0.508413, 0.409031, -0.467780, 0.005055, -0.001794 -0.006568, -0.957822, -0.285152, -0.035566, 0.000283, 0.004531, 0.002446, GEORGE, -0.474258, 0.191091, -0.513779, -0.006653, 0.014588 -0.008271, 0.962959, 0.261755, 0.064604, 0.000275, -0.001877, -0.000458
TIME, 95, FRED, 0.514325, 0.407599, -0.473407, 0.004370, -0.001554 -0.005337, -0.962745, -0.267307, -0.040852, 0.001699, 0.006655, 0.010830, GEORGE, -0.480132, 0.205939, -0.523179, -0.005188, 0.016968 -0.006867, 0.964182, 0.258400, 0.059604, -0.001099, -0.001190, 0.003708
TIME, 96, FRED, 0.518653, 0.405913, -0.480708, 0.003535, -0.001321 -0.004954, -0.964129, -0.260951, -0.048576, 0.000991, 0.005947, 0.014323, GEORGE, -0.487609, 0.217475, -0.529267, -0.004486, 0.016938 -0.005188, 0.963429, 0.261349, 0.058701, -0.001099, -0.000458, 0.005860
TIME, 97, FRED, 0.522903, 0.403156, -0.486987, 0.002536, -0.002385 -0.003735, -0.968321, -0.244019, -0.053003, -0.003965, 0.006655, 0.017817, GEORGE, -0.492096, 0.232643, -0.537065, -0.003510, 0.017151 -0.004578, 0.969322, 0.235040, 0.071434, -0.001099, -0.003296, 0.012955
TIME, 98, FRED, 0.526396, 0.399101, -0.488860, 0.001886, -0.003057 -0.002146, -0.972315, -0.222612, -0.071041, -0.003257, -0.001841, 0.015022, GEORGE, -0.498184, 0.248131, -0.542085, -0.003204, 0.016755 -0.003571, 0.972623, 0.224502, 0.059246, -0.001099, 0.000183, 0.012955
TIME, 99, FRED, 0.530000, 0.396638, -0.490466, 0.001704, -0.003127 -0.001351, -0.975969, -0.201691, -0.082491, 0.001699, 0.000991, 0.016420, GEORGE, -0.503311, 0.260628, -0.547105, -0.002441, 0.015381 -0.003021, 0.969264, 0.234976, 0.072163, -0.001831, 0.000183, 0.019318
TIME, 100, FRED, 0.530000, 0.390987, -0.493083, 0.000857, -0.003858 -0.001221, -0.980885, -0.180596, -0.072459, 0.003823, -0.004673, 0.017118, GEORGE, -0.503952, 0.273552, -0.550951, -0.001099, 0.014313 -0.002442, 0.977036, 0.205231, 0.056683, 0.000961, -0.001877, 0.025681
TIME, 101, FRED, 0.530000, 0.388122, -0.497454, 0.001117, -0.003678 -0.001752, -0.984805, -0.164262, -0.056373, -0.003965, -0.003965, 0.017817, GEORGE, -0.504807, 0.286584, -0.553514, -0.000427, 0.013184 -0.001618, 0.983225, 0.174148, 0.053067, -0.000412, 0.000915, 0.024949
TIME, 102, FRED, 0.530000, 0.385483, -0.496966, 0.000641, -0.003544 -0.000686, -0.985537, -0.160239, -0.055143, 0.000283, 0.001699, 0.015721, GEORGE, -0.510147, 0.297799, -0.555010, -0.001404, 0.011780 -0.000885, 0.988988, 0.137435, 0.054283, 0.002380, -0.001190, 0.025681
TIME, 103, FRED, 0.530000, 0.382186, -0.496443, 0.001088, -0.003493 -0.000394, -0.987326, -0.138973, -0.076638, 0.000991, 0.001699, 0.018516, GEORGE, -0.512711, 0.307947, -0.557360, -0.000763, 0.010437 -0.000702, 0.988833, 0.126336, 0.078663, -0.000412, 0.000183, 0.016480
TIME, 104, FRED, 0.530000, 0.377589, -0.499992, 0.000301, -0.003817 -0.001183, -0.989584, -0.117313, -0.083436, -0.001133, -0.000425, 0.021310, GEORGE, -0.513138, 0.318842, -0.557787, -0.000244, 0.009522 -0.000275, 0.990128, 0.110584, 0.085516, -0.002518, 0.003021, 0.022156
TIME, 105, FRED, 0.530000, 0.375773, -0.499707, -0.000317, -0.003450 -0.000483, -0.991708, -0.099212, -0.081678, -0.001841, -0.004673, 0.019913, GEORGE, -0.512604, 0.325999, -0.560564, 0.000305, 0.007721 -0.000763, 0.991889, 0.101645, 0.075786, -0.006088, 0.004441, 0.020005
TIME, 106, FRED, 0.530000, 0.371488, -0.500688, -0.000089, -0.003666 -0.000623, -0.994023, -0.091368, -0.059753, -0.002549, -0.003257, 0.016420, GEORGE, -0.512604, 0.332194, -0.563662, 0.000427, 0.006409 -0.000610, 0.994778, 0.062070, 0.080741, -0.002518, 0.002335, 0.017899
TIME, 107, FRED, 0.530000, 0.369565, -0.502764, -0.000319, -0.003270 -0.000922, -0.996064, -0.073457, -0.049602, -0.000425, -0.003965, 0.017118, GEORGE, -0.513459, 0.339458, -0.563768, 0.000153, 0.005890 -0.000214, 0.995607, 0.050493, 0.078171, 0.002380, 0.003708, 0.012223
TIME, 108, FRED, 0.530000, 0.364872, -0.503825, -0.000323, -0.003586 -0.000928, -0.996746, -0.049768, -0.063406, 0.000283, -0.002549, 0.016420, GEORGE, -0.512497, 0.347575, -0.565584, 0.000580, 0.005615 -0.000214, 0.996773, 0.037480, 0.070957, -0.001831, -0.001190, 0.012223
TIME, 109, FRED, 0.530000, 0.361113, -0.504208, -0.000246, -0.003638 -0.000773, -0.998288, -0.024872, -0.052930, -0.003965, -0.003257, 0.017817, GEORGE, -0.514740, 0.351421, -0.563555, 0.000214, 0.003998 0.000824, 0.995770, 0.041134, 0.081973, 0.000275, 0.003021, 0.006546
TIME, 110, FRED, 0.530000, 0.356736, -0.505262, -0.000122, -0.003858 -0.000670, -0.999083, -0.015806, -0.039783, 0.004531, -0.003965, 0.017817, GEORGE, -0.514527, 0.354946, -0.562380, 0.000488, 0.002838 0.000915, 0.996717, 0.018776, 0.078092, 0.001694, 0.005127, 0.006546
TIME, 111, FRED, 0.530000, 0.354874, -0.505800, 0.000492, -0.003399 -0.000647, -0.999049, -0.004217, -0.043394, 0.004531, -0.006797, 0.021310, GEORGE, -0.511750, 0.359325, -0.560350, 0.001068, 0.002289 0.001251, 0.996834, 0.020868, 0.076166, -0.000412, 0.008698, 0.011536
TIME, 112, FRED, 0.530000, 0.351329, -0.506001, -0.000292, -0.003659 -0.000531, -0.998350, 0.007648, -0.056904, 0.003115, 0.000991, 0.011529, GEORGE, -0.509934, 0.360500, -0.560244, 0.001251, 0.001160 0.001038, 0.997238, 0.005066, 0.073330, 0.002380, 0.005127, 0.012955
TIME, 113, FRED, 0.530000, 0.348923, -0.508375, 0.000025, -0.003371 -0.000945, -0.996987, 0.024229, -0.073687, 0.003115, 0.000991, 0.012227, GEORGE, -0.511643, 0.361247, -0.558428, 0.000641, 0.000458 0.001190, 0.997931, 0.000515, 0.063936, -0.000412, 0.005860, 0.007965
TIME, 114, FRED, 0.530000, 0.342963, -0.507312, 0.000105, -0.004238 -0.000345, -0.996215, 0.052966, -0.068927, -0.001841, -0.001841, 0.005939, GEORGE, -0.512284, 0.359859, -0.560030, 0.000336, -0.000488 0.000610, 0.998443, -0.026645, 0.048545, -0.003937, 0.007279, 0.006546
TIME, 115, FRED, 0.530000, 0.339353, -0.509321, -0.000417, -0.003925 -0.000736, -0.996782, 0.043632, -0.067251, 0.001699, -0.004673, 0.003144, GEORGE, -0.511536, 0.359752, -0.559603, 0.000610, -0.000641 0.000610, 0.998326, -0.025313, 0.050817, 0.000961, 0.001602, 0.005860
TIME, 116, FRED, 0.530000, 0.328666, -0.508486, -0.000511, -0.011055 -0.000213, -0.996781, 0.051355, -0.061571, -0.003257, -0.004673, -0.001048, GEORGE, -0.509827, 0.354411, -0.558748, 0.000793, -0.009247 0.001129, 0.998274, -0.031386, 0.049385, -0.003937, -0.000458, 0.006546
TIME, 117, FRED, 0.530000, 0.317960, -0.509045, -0.001154, -0.013941 -0.000415, -0.996524, 0.060734, -0.057011, 0.004531, -0.006089, -0.001048, GEORGE, -0.510361, 0.338389, -0.556505, 0.000275, -0.018403 0.001404, 0.998490, -0.035931, 0.041134, 0.003113, -0.003296, 0.009384
TIME, 118, FRED, 0.530000, 0.301725, -0.509241, -0.001129, -0.016195 -0.000322, -0.997794, 0.046045, -0.047817, -0.001133, -0.001133, -0.003144, GEORGE, -0.511109, 0.328669, -0.555437, 0.000092, -0.010224 0.000977, 0.997791, -0.033864, 0.056947, 0.000275, -0.004715, 0.001602
TIME, 119, FRED, 0.530000, 0.286040, -0.508182, -0.000647, -0.016494 -0.000054, -0.998245, 0.050034, -0.031675, -0.000425, -0.002549, -0.004541, GEORGE, -0.510681, 0.310831, -0.553514, 0.000214, -0.019593 0.000885, 0.997521, -0.045104, 0.053104, -0.000412, -0.001877, 0.005127
TIME, 120, FRED, 0.530000, 0.270966, -0.508781, -0.000602, -0.016210 -0.000218, -0.997936, 0.039256, -0.050817, 0.000283, -0.001133, -0.003843, GEORGE, -0.510361, 0.289361, -0.553194, 0.000519, -0.025575 0.000641, 0.998999, -0.024188, 0.037451, 0.000275, 0.000915, -0.006867
TIME, 121, FRED, 0.527517, 0.255453, -0.510154, -0.001400, -0.015541 -0.000423, -0.998584, 0.029693, -0.044141, -0.001841, 0.000283, -0.005939, GEORGE, -0.510361, 0.261803, -0.551698, 0.000366, -0.029450 0.001007, 0.999376, -0.026979, 0.022548, -0.001099, -0.000458, -0.007553
TIME, 122, FRED, 0.529028, 0.242090, -0.510187, -0.000487, -0.014471 -0.000275, -0.998787, 0.011438, 0.047895, -0.001841, -0.125031, 0.006638, GEORGE, -0.508759, 0.231682, -0.550523, 0.000824, -0.031251 0.000763, 0.999504, -0.013835, 0.027950, -0.000412, -0.003296, -0.009659
TIME, 123, FRED, 0.527454, 0.226463, -0.509647, -0.000705, -0.013932 -0.000075, -0.953052, 0.021405, 0.302048, -0.003965, -0.244681, 0.019913, GEORGE, -0.509613, 0.203375, -0.549669, 0.000427, -0.031190 0.000915, 0.998669, -0.010605, 0.050396, -0.003250, -0.001190, -0.006867
TIME, 124, FRED, 0.526223, 0.215650, -0.513166, -0.000513, -0.012027 -0.000819, -0.815698, 0.005635, 0.578450, -0.001841, -0.311941, 0.022009, GEORGE, -0.508438, 0.176031, -0.547639, 0.000610, -0.030305 0.001160, 0.998692, -0.021216, 0.045446, 0.000961, -0.004028, -0.006867
TIME, 125, FRED, 0.526271, 0.204428, -0.508679, -0.000411, -0.010918 0.000460, -0.594664, 0.020577, 0.803711, -0.003257, -0.311941, 0.024804, GEORGE, -0.506836, 0.146016, -0.546358, 0.000855, -0.030213 0.001190, 0.988994, -0.004889, 0.147627, -0.001099, -0.128636, 0.003021
TIME, 126, FRED, 0.527902, 0.194123, -0.509409, 0.000238, -0.009883 0.000061, -0.354254, 0.026084, 0.934786, -0.001133, -0.273001, 0.023407, GEORGE, -0.504059, 0.115146, -0.546999, 0.001068, -0.029633 0.000549, 0.929985, -0.011690, 0.367370, 0.001694, -0.245415, 0.012223
TIME, 127, FRED, 0.527738, 0.185173, -0.508672, 0.000184, -0.008776 0.000237, -0.164068, 0.004724, 0.986438, -0.001841, -0.209990, 0.017118, GEORGE, -0.506195, 0.087588, -0.545824, 0.000122, -0.028138 0.000427, 0.804872, -0.022862, 0.592910, 0.002380, -0.305612, 0.019318
TIME, 128, FRED, 0.526926, 0.179840, -0.507111, 0.000015, -0.007149 0.000445, -0.010758, -0.003517, 0.999936, -0.001133, -0.148395, 0.015022, GEORGE, -0.511322, 0.059709, -0.543153, -0.000824, -0.026734 0.000641, 0.584492, -0.018907, 0.811125, -0.000412, -0.305612, 0.021424
TIME, 129, FRED, 0.527579, 0.168744, -0.507114, 0.000201, -0.007599 0.000140, 0.082360, 0.013825, 0.996507, -0.002549, -0.090340, 0.010131, GEORGE, -0.509827, 0.034181, -0.543794, 0.000244, -0.024995 -0.000030, 0.339587, -0.022171, 0.940239, 0.002380, -0.260292, 0.017899
TIME, 130, FRED, 0.526670, 0.161087, -0.507111, 0.000133, -0.006679 0.000060, 0.164460, 0.022209, 0.986134, -0.001841, -0.046444, 0.007336, GEORGE, -0.507904, 0.008972, -0.543901, 0.000732, -0.023591 -0.000153, 0.136604, -0.009139, 0.990570, -0.000412, -0.197302, 0.012223
TIME, 131, FRED, 0.526684, 0.154672, -0.508303, 0.000220, -0.005687 -0.000233, 0.177675, 0.043816, 0.983113, -0.003257, -0.018832, 0.003144, GEORGE, -0.506516, -0.012604, -0.545717, 0.000977, -0.021729 -0.000671, -0.007705, 0.001878, 0.999946, -0.001831, -0.139943, 0.010804
TIME, 132, FRED, 0.525501, 0.151054, -0.510994, -0.000057, -0.004784 -0.000870, 0.090061, 0.025815, 0.995602, 0.000283, 0.102234, -0.028297, GEORGE, -0.502777, -0.034395, -0.547960, 0.001679, -0.020447 -0.000855, -0.103700, -0.005082, 0.994548, 0.001694, -0.081896, 0.009384
TIME, 133, FRED, 0.524612, 0.145823, -0.511762, -0.000144, -0.004381 -0.000681, -0.119002, -0.022920, 0.992629, -0.003257, 0.221176, -0.058341, GEORGE, -0.501495, -0.053407, -0.546892, 0.001129, -0.018677 -0.000244, -0.166167, 0.003989, 0.986041, -0.001831, -0.035890, 0.007965
TIME, 134, FRED, 0.526574, 0.140467, -0.512465, 0.000287, -0.003853 -0.000421, -0.428857, -0.067293, 0.900863, -0.002549, 0.316047, -0.084193, GEORGE, -0.501282, -0.073062, -0.544221, 0.000641, -0.017365 0.000122, -0.173773, 0.009765, 0.984731, 0.000961, -0.008240, 0.007965
TIME, 135, FRED, 0.530000, 0.134433, -0.512951, 0.001205, -0.003667 -0.000251, -0.709855, -0.134608, 0.691366, -0.007505, 0.333747, -0.100962, GEORGE, -0.502884, -0.091647, -0.545183, 0.000153, -0.016816 -0.000061, -0.103318, 0.029900, 0.994135, 0.002380, 0.112751, -0.035890
TIME, 136, FRED, 0.529805, 0.133032, -0.514304, 0.000277, -0.002304 -0.000364, -0.893373, -0.179391, 0.411952, -0.009629, 0.300471, -0.094674, GEORGE, -0.502777, -0.108203, -0.543153, 0.000275, -0.015473 0.000305, 0.093865, 0.061607, 0.993636, -0.001099, 0.228156, -0.076220
TIME, 137, FRED, 0.526669, 0.131849, -0.513743, -0.000573, -0.001546 0.000023, -0.962921, -0.205261, 0.175074, -0.011753, 0.232504, -0.082097, GEORGE, -0.503952, -0.123799, -0.544435, 0.000092, -0.013825 -0.000214, 0.383015, 0.129050, 0.914642, -0.003250, 0.307443, -0.114444
TIME, 138, FRED, 0.526340, 0.130574, -0.513411, -0.000342, -0.001175 0.000163, -0.976319, -0.216073, 0.010678, -0.010337, 0.163121, -0.062534, GEORGE, -0.501175, -0.136510, -0.545610, 0.001038, -0.012268 -0.000275, 0.658071, 0.193728, 0.727592, -0.006088, 0.320902, -0.125065
TIME, 139, FRED, 0.528647, 0.126100, -0.513536, 0.000361, -0.001765 -0.000056, -0.962913, -0.249073, -0.103732, -0.010337, 0.107190, -0.046463, GEORGE, -0.499893, -0.149114, -0.545289, 0.000977, -0.010865 -0.000214, 0.849572, 0.240633, 0.469223, -0.004669, 0.281991, -0.108814
TIME, 140, FRED, 0.529546, 0.127328, -0.513218, 0.000321, -0.000391 0.000057, -0.947952, -0.275454, -0.159727, -0.008213, 0.058339, -0.034586, GEORGE, -0.496368, -0.161717, -0.547639, 0.001221, -0.009949 -0.000732, 0.936001, 0.263356, 0.233466, -0.001831, 0.221793, -0.088260
TIME, 141, FRED, 0.530000, 0.126109, -0.512832, 0.000622, -0.000577 0.000126, -0.932666, -0.292311, -0.211395, -0.004673, 0.026479, -0.023406, GEORGE, -0.497436, -0.172185, -0.545503, 0.000305, -0.008606 0.000122, 0.958595, 0.280505, 0.048705, -0.004669, 0.161596, -0.067019
TIME, 142, FRED, 0.530000, 0.127127, -0.514051, -0.000110, -0.000051 -0.000209, -0.930948, -0.302548, -0.204451, -0.007505, -0.003257, -0.011528, GEORGE, -0.496368, -0.180730, -0.547319, 0.000214, -0.007355 -0.000824, 0.957999, 0.275885, -0.078124, -0.004669, 0.099292, -0.045091
TIME, 143, FRED, 0.530000, 0.124438, -0.510990, -0.000051, -0.000862 0.000547, -0.927813, -0.318223, -0.194672, -0.006089, -0.013876, -0.005240, GEORGE, -0.497009, -0.185537, -0.546037, -0.000061, 0.000946 -0.000397, 0.948845, 0.280227, -0.145423, -0.003250, 0.073107, -0.032319
TIME, 144, FRED, 0.528835, 0.123118, -0.510742, -0.000321, -0.000615 0.000353, -0.933895, -0.320541, -0.158409, -0.003257, -0.022373, -0.003144, GEORGE, -0.498505, -0.177313, -0.546251, -0.000336, 0.010468 -0.000275, 0.938587, 0.288915, -0.188504, -0.004669, 0.035569, -0.018174
TIME, 145, FRED, 0.530000, 0.124869, -0.513725, -0.000021, 0.000141 -0.000341, -0.939647, -0.306015, -0.153031, -0.003257, -0.020248, 0.003144, GEORGE, -0.498398, -0.163747, -0.548601, -0.000153, 0.017548 -0.000915, 0.929754, 0.307476, -0.202246, -0.001099, 0.004441, 0.003021
TIME, 146, FRED, 0.527982, 0.124343, -0.511217, -0.000490, 0.000009 0.000327, -0.941716, -0.311615, -0.126753, -0.004673, -0.021664, -0.000349, GEORGE, -0.501389, -0.148045, -0.548601, -0.000641, 0.020844 -0.000671, 0.940441, 0.284873, -0.185292, -0.003250, -0.013917, 0.012223
TIME, 147, FRED, 0.529100, 0.123178, -0.513144, 0.000131, -0.000417 -0.000205, -0.950050, -0.292448, -0.108994, -0.005381, -0.018832, 0.005240, GEORGE, -0.499786, -0.129139, -0.552019, 0.000214, 0.022401 -0.001038, 0.951105, 0.263695, -0.160454, 0.000275, -0.025956, 0.015748
TIME, 148, FRED, 0.529548, 0.122336, -0.513983, 0.000130, -0.000357 -0.000327, -0.950983, -0.297880, -0.083056, -0.004673, -0.018832, 0.007336, GEORGE, -0.499786, -0.110126, -0.551592, 0.000305, 0.022492 -0.000641, 0.952741, 0.278381, -0.121409, -0.002518, -0.031633, 0.014328
TIME, 149, FRED, 0.529787, 0.122868, -0.513791, 0.000134, 0.000146 -0.000162, -0.952695, -0.296753, -0.065649, -0.004673, -0.009629, 0.014323, GEORGE, -0.500961, -0.090579, -0.552446, 0.000031, 0.021851 -0.000519, 0.958531, 0.263687, -0.107819, 0.004532, -0.030900, 0.010117
TIME, 150, FRED, 0.529378, 0.123093, -0.513528, 0.000020, 0.000173 -0.000075, -0.957533, -0.281319, -0.063177, -0.001841, -0.002549, 0.016420, GEORGE, -0.499252, -0.071032, -0.555010, 0.000427, 0.021027 -0.000915, 0.965245, 0.251433, -0.070910, 0.005219, -0.031633, 0.020005
TIME, 151, FRED, 0.530000, 0.122996, -0.512760, 0.000226, 0.000083 0.000108, -0.959456, -0.272621, -0.071574, -0.003965, -0.001133, 0.014323, GEORGE, -0.500427, -0.051057, -0.557787, -0.000153, 0.019929 -0.001068, 0.961734, 0.270736, -0.040596, 0.003800, -0.023850, 0.023576
TIME, 152, FRED, 0.530000, 0.124947, -0.511865, 0.000071, 0.000579 0.000325, -0.964370, -0.258249, -0.057437, -0.003257, -0.002549, 0.019214, GEORGE, -0.500427, -0.033113, -0.558962, -0.000031, 0.018494 -0.000519, 0.972036, 0.233959, -0.017417, 0.000961, -0.019593, 0.025681
TIME, 153, FRED, 0.529468, 0.123563, -0.511702, -0.000135, -0.000117 0.000244, -0.971312, -0.229826, -0.061094, -0.005381, 0.005239, 0.026900, GEORGE, -0.499466, -0.016129, -0.559389, 0.000031, 0.017151 -0.000122, 0.978435, 0.206216, -0.006699, 0.000275, -0.010391, 0.025681
TIME, 154, FRED, 0.529227, 0.124297, -0.514387, -0.000157, 0.000127 -0.000448, -0.977564, -0.202790, -0.056973, -0.003965, 0.003823, 0.026900, GEORGE, -0.499893, 0.000214, -0.558535, -0.000092, 0.015778 0.000549, 0.981663, 0.189385, 0.020999, 0.000275, -0.008240, 0.020005
TIME, 155, FRED, 0.530000, 0.122292, -0.514406, 0.000152, -0.000410 -0.000366, -0.981869, -0.172637, -0.078288, -0.003257, 0.003115, 0.026900, GEORGE, -0.500000, 0.014847, -0.556719, -0.000183, 0.014252 0.000794, 0.982322, 0.185405, 0.023872, 0.000961, -0.001877, 0.017167
TIME, 156, FRED, 0.530000, 0.122020, -0.513366, 0.000175, -0.000193 -0.000005, -0.987110, -0.140065, -0.077433, -0.007505, 0.006655, 0.018516, GEORGE, -0.500214, 0.026704, -0.554262, -0.000122, 0.012360 0.001129, 0.986101, 0.164325, 0.022782, -0.001099, 0.003021, 0.019318
TIME, 157, FRED, 0.530000, 0.122420, -0.512225, 0.000350, -0.000036 0.000286, -0.989409, -0.119209, -0.082820, -0.008213, 0.004531, 0.023407, GEORGE, -0.500000, 0.039201, -0.555437, -0.000031, 0.011444 0.000427, 0.988680, 0.147899, 0.022544, -0.001831, 0.005127, 0.020005
TIME, 158, FRED, 0.530000, 0.124762, -0.512795, 0.000017, 0.000543 0.000130, -0.991555, -0.095031, -0.088248, -0.004673, 0.004531, 0.020612, GEORGE, -0.499039, 0.051057, -0.553301, 0.000244, 0.010559 0.001251, 0.991935, 0.120497, 0.038583, 0.000275, 0.005860, 0.021424
TIME, 159, FRED, 0.530000, 0.122217, -0.511900, 0.000321, -0.000361 0.000262, -0.992721, -0.075546, -0.093799, -0.006089, 0.003823, 0.019214, GEORGE, -0.500854, 0.061419, -0.551805, -0.000366, 0.009217 0.001129, 0.992339, 0.118136, 0.035086, -0.003250, 0.010117, 0.014328
TIME, 160, FRED, 0.530000, 0.122786, -0.512187, -0.000106, 0.000117 0.000177, -0.992640, -0.073842, -0.095987, -0.003965, 0.002407, 0.013625, GEORGE, -0.502136, 0.072420, -0.549348, -0.000397, 0.008576 0.001099, 0.996195, 0.076998, 0.040233, 0.000275, 0.008698, 0.013642
TIME, 161, FRED, 0.530000, 0.121777, -0.512748, -0.000306, -0.000163 0.000003, -0.994651, -0.056696, -0.086343, -0.002549, 0.001699, 0.014323, GEORGE, -0.502243, 0.079684, -0.550096, -0.000244, 0.007569 0.000458, 0.991200, 0.063513, 0.116003, 0.000275, -0.115177, 0.055391
TIME, 162, FRED, 0.530000, 0.123642, -0.512340, -0.000217, 0.000319 0.000112, -0.994451, -0.041282, -0.096767, -0.003257, -0.001133, 0.013625, GEORGE, -0.501389, 0.087054, -0.550417, 0.000061, 0.006561 0.000122, 0.941369, 0.048727, 0.333685, -0.003937, -0.229850, 0.094348
TIME, 163, FRED, 0.530000, 0.123522, -0.512814, 0.000233, 0.000223 0.000000, -0.994906, -0.036531, -0.093955, -0.002549, 0.000991, 0.014323, GEORGE, -0.502777, 0.095706, -0.546464, -0.000214, 0.006012 0.000763, 0.799111, 0.009315, 0.601024, -0.009659, -0.285104, 0.119114
TIME, 164, FRED, 0.530000, 0.123696, -0.513777, -0.000338, 0.000185 -0.000276, -0.996057, -0.022747, -0.085752, -0.005381, -0.003965, 0.013625, GEORGE, -0.503632, 0.100406, -0.544435, 0.000000, 0.004944 0.000702, 0.562488, 0.001406, 0.826730, -0.005356, -0.283685, 0.103549
TIME, 165, FRED, 0.529594, 0.124010, -0.511713, -0.000529, 0.000227 0.000263, -0.997358, -0.020030, -0.069830, -0.003965, -0.003257, 0.013625, GEORGE, -0.500641, 0.104678, -0.544221, 0.000793, 0.003754 0.000305, 0.333071, -0.007990, 0.942799, -0.007508, -0.244041, 0.091510
TIME, 166, FRED, 0.529166, 0.124070, -0.511838, -0.000494, 0.000211 0.000142, -0.997769, -0.017567, -0.064410, -0.002549, -0.003965, 0.013625, GEORGE, -0.500641, 0.108417, -0.547853, 0.000244, 0.003174 -0.000885, 0.136828, -0.005657, 0.990549, -0.010346, -0.181005, 0.071688
TIME, 167, FRED, 0.528019, 0.122402, -0.510210, -0.000687, -0.000231 0.000481, -0.997238, 0.014272, -0.072896, -0.005381, -0.003965, 0.011529, GEORGE, -0.500320, 0.112369, -0.546892, 0.000366, 0.002747 -0.000183, -0.003101, -0.016858, 0.999785, -0.004669, -0.130741, 0.055391
TIME, 168, FRED, 0.528658, 0.121640, -0.511242, -0.000358, -0.000094 0.000149, -0.997094, 0.016318, -0.074416, -0.003257, -0.003257, 0.008734, GEORGE, -0.497543, 0.114185, -0.546144, 0.000610, 0.001709 -0.000122, -0.122929, -0.025287, 0.992049, -0.009659, -0.078371, 0.040559
TIME, 169, FRED, 0.527639, 0.123017, -0.510379, -0.000477, 0.000596 0.000353, -0.997559, 0.044966, -0.053420, -0.003965, -0.003965, 0.001747, GEORGE, -0.500320, 0.116108, -0.549242, -0.000580, 0.001282 -0.000855, -0.177852, -0.040176, 0.983209, -0.003937, -0.035890, 0.018586
TIME, 170, FRED, 0.527082, 0.122427, -0.512031, -0.000573, 0.000008 -0.000133, -0.997186, 0.036806, -0.065317, -0.006089, -0.004673, -0.005939, GEORGE, -0.500748, 0.117710, -0.550630, -0.000427, 0.001099 -0.000610, -0.196983, -0.044238, 0.979331, -0.003250, -0.006867, 0.007965
TIME, 171, FRED, 0.526157, 0.123756, -0.512244, -0.000649, 0.000262 -0.000113, -0.997702, 0.028514, -0.061461, -0.006089, -0.002549, -0.006638, GEORGE, -0.500000, 0.119098, -0.549348, -0.000214, 0.000977 -0.000030, -0.162426, -0.042501, 0.985755, 0.000961, 0.010804, -0.001877
TIME, 172, FRED, 0.523052, 0.123423, -0.511009, -0.001254, 0.000084 0.000194, -0.998768, 0.010448, 0.048511, -0.005381, -0.122907, 0.009432, GEORGE, -0.498505, 0.120060, -0.550951, 0.000000, 0.000763 -0.000397, -0.148523, -0.056271, 0.987261, -0.002518, 0.020737, -0.008240
TIME, 173, FRED, 0.523601, 0.122826, -0.512140, -0.000515, -0.000072 -0.000156, -0.960984, 0.020153, 0.275870, -0.004673, -0.239725, 0.023407, GEORGE, -0.498611, 0.121662, -0.548708, -0.000122, 0.000977 0.000122, -0.138075, -0.037966, 0.989669, -0.001831, 0.018586, -0.008240
TIME, 174, FRED, 0.523444, 0.126658, -0.514819, -0.000253, 0.000906 -0.000769, -0.831339, 0.016150, 0.555531, -0.006797, -0.317604, 0.035983, GEORGE, -0.498291, 0.122303, -0.549455, -0.000092, 0.000702 -0.000061, -0.118309, -0.033765, 0.992338, -0.003250, 0.020737, -0.011078
TIME, 175, FRED, 0.524693, 0.126015, -0.511899, 0.000167, 0.000366 0.000236, -0.610770, 0.032544, 0.791139, -0.001841, -0.318312, 0.038778, GEORGE, -0.498505, 0.121555, -0.547960, -0.000183, 0.000153 0.000214, -0.099715, -0.031585, 0.994438, -0.001831, 0.017899, -0.006134
TIME, 176, FRED, 0.528223, 0.126116, -0.510793, 0.000936, 0.000051 0.000356, -0.371905, 0.026497, 0.927893, -0.003965, -0.275833, 0.031791, GEORGE, -0.499466, 0.123691, -0.547319, -0.000336, 0.000580 0.000122, -0.070916, -0.040266, 0.996596, -0.002518, 0.015748, -0.006867
TIME, 177, FRED, 0.524752, 0.126401, -0.511623, -0.000296, -0.000081 0.000046, -0.141270, 0.026133, 0.989626, -0.000425, -0.219194, 0.031791, GEORGE, -0.499466, 0.124226, -0.547960, -0.000275, 0.000580 -0.000030, -0.043985, -0.030770, 0.998542, -0.000412, 0.012955, -0.008240
TIME, 178, FRED, 0.524812, 0.126222, -0.510171, -0.000233, -0.000054 0.000355, 0.022663, 0.010725, 0.999686, 0.003115, -0.149103, 0.018516, GEORGE, -0.498398, 0.124974, -0.550096, 0.000000, 0.000427 -0.000519, 0.068019, -0.040183, 0.996829, -0.000412, 0.133305, -0.036576
TIME, 179, FRED, 0.523179, 0.126748, -0.508460, -0.000540, 0.000047 0.000566, 0.108915, 0.019467, 0.993860, -0.001133, -0.086800, 0.013625, GEORGE, -0.500427, 0.125080, -0.551378, -0.000519, 0.000122 -0.000305, 0.281119, -0.039568, 0.958794, -0.002518, 0.248711, -0.067751
