TIME, 0, FRED, 0.400158, -0.600772, 0.001010, -0.000282, 0.000056 0.000026, -0.018891, 0.999579, 0.022003, -0.002549, 0.001699, -0.001747, GEORGE, -0.398953, -0.601260, 0.000748, 0.000061, -0.000183 -0.000122, -0.007345, 0.999887, -0.011691, -0.000412, -0.003296, 0.001602
TIME, 0, FRED, 0.401926, -0.602631, 0.000585, 0.000184, -0.000424 -0.000110, -0.034013, 0.999328, 0.013636, 0.000283, -0.001841, -0.001747, GEORGE, -0.399167, -0.600086, 0.000427, -0.000031, 0.000122 -0.000153, -0.012961, 0.999714, -0.018638, -0.000412, -0.001190, 0.000916
TIME, 1, FRED, 0.401252, -0.593108, -0.003398, 0.000781, 0.009261 -0.005411, -0.077599, 0.996977, 0.004014, -0.001133, -0.002549, -0.067424, GEORGE, -0.398846, -0.594851, -0.001816, -0.000763, 0.008759 -0.005127, 0.052369, 0.998130, -0.029173, -0.001831, 0.000915, 0.067431
TIME, 2, FRED, 0.403389, -0.580610, -0.013525, 0.001842, 0.017313 -0.011024, -0.206083, 0.978501, 0.008152, -0.002549, -0.001133, -0.137295, GEORGE, -0.400128, -0.581499, -0.008332, -0.001709, 0.017396 -0.009980, 0.167189, 0.985741, -0.018081, -0.000412, 0.000183, 0.138249
TIME, 3, FRED, 0.408345, -0.558952, -0.023030, 0.003259, 0.025976 -0.015255, -0.396671, 0.917663, 0.023396, -0.001841, 0.000283, -0.200178, GEORGE, -0.402799, -0.558214, -0.021470, -0.002716, 0.026551 -0.015717, 0.369069, 0.928881, -0.030213, -0.000412, 0.000915, 0.199133
TIME, 4, FRED, 0.411006, -0.526866, -0.043169, 0.003703, 0.035791 -0.021674, -0.596570, 0.802302, 0.020412, 0.001699, -0.003257, -0.254676, GEORGE, -0.411023, -0.529481, -0.035463, -0.004669, 0.035493 -0.020600, 0.569456, 0.821338, -0.032382, -0.002518, 0.002335, 0.257180
TIME, 5, FRED, 0.417143, -0.496179, -0.060012, 0.004241, 0.034570 -0.020622, -0.796936, 0.603130, 0.033565, -0.001133, -0.001841, -0.283323, GEORGE, -0.414441, -0.491775, -0.056719, -0.004700, 0.044282 -0.026460, 0.766293, 0.641672, -0.030117, -0.001831, -0.005448, 0.283364
TIME, 6, FRED, 0.418401, -0.466681, -0.077555, 0.003538, 0.033377 -0.019912, -0.922675, 0.383355, 0.041341, 0.000991, -0.002549, -0.252580, GEORGE, -0.415723, -0.451827, -0.081927, -0.004334, 0.047517 -0.029267, 0.913049, 0.406107, -0.037104, -0.000412, -0.008240, 0.259331
TIME, 7, FRED, 0.419383, -0.438636, -0.094667, 0.002939, 0.032158 -0.019345, -0.980855, 0.193535, 0.021635, -0.003257, 0.005239, -0.192492, GEORGE, -0.418607, -0.407712, -0.105747, -0.004486, 0.048524 -0.029389, 0.980273, 0.195543, -0.026854, -0.000412, -0.013230, 0.201971
TIME, 8, FRED, 0.422609, -0.407542, -0.112862, 0.003015, 0.031868 -0.019132, -0.998159, 0.060647, -0.000710, -0.002549, 0.003823, -0.128910, GEORGE, -0.424375, -0.363171, -0.132878, -0.005402, 0.047609 -0.029481, 0.998403, 0.055642, 0.000255, -0.000412, -0.017487, 0.146763
TIME, 9, FRED, 0.425435, -0.374851, -0.128724, 0.003004, 0.032029 -0.018389, -0.999987, -0.004934, 0.001547, -0.001841, 0.007363, -0.072315, GEORGE, -0.428755, -0.322901, -0.157872, -0.005158, 0.044649 -0.028016, 0.997089, -0.058501, 0.047801, -0.000412, -0.017487, 0.098605
TIME, 10, FRED, 0.431423, -0.346102, -0.147537, 0.003679, 0.031249 -0.018517, -0.999182, -0.040328, -0.002925, -0.003965, 0.009487, -0.034586, GEORGE, -0.430677, -0.282098, -0.183401, -0.004242, 0.042116 -0.026521, 0.989917, -0.130443, 0.054272, -0.000412, -0.016068, 0.058962
TIME, 11, FRED, 0.440391, -0.315729, -0.166266, 0.004869, 0.031050 -0.018506, -0.997875, -0.064981, 0.004735, -0.003965, 0.008779, -0.011528, GEORGE, -0.436872, -0.242683, -0.208823, -0.004761, 0.039460 -0.025086, 0.983450, -0.162510, 0.079664, -0.001831, -0.008240, 0.031358
TIME, 12, FRED, 0.441223, -0.285190, -0.183704, 0.003967, 0.030910 -0.018324, -0.998303, -0.057076, -0.011556, -0.005381, 0.007363, 0.007336, GEORGE, -0.442000, -0.207007, -0.228797, -0.004578, 0.036256 -0.022431, 0.978741, -0.185505, 0.087085, -0.000412, -0.002609, 0.015061
TIME, 13, FRED, 0.444471, -0.255368, -0.199400, 0.003824, 0.030642 -0.017774, -0.999096, -0.031665, -0.028390, -0.002549, 0.010195, 0.020612, GEORGE, -0.444029, -0.174642, -0.251228, -0.003662, 0.032655 -0.021119, 0.974415, -0.204408, 0.092839, -0.001099, 0.001602, 0.002335
TIME, 14, FRED, 0.446798, -0.224286, -0.218276, 0.003460, 0.030768 -0.018011, -0.998651, -0.007751, -0.051351, -0.007505, 0.007363, 0.022708, GEORGE, -0.449156, -0.141957, -0.268319, -0.003815, 0.030152 -0.018586, 0.978057, -0.194357, 0.074704, -0.005356, 0.000183, -0.003296
TIME, 15, FRED, 0.449585, -0.195238, -0.236130, 0.003287, 0.030338 -0.017998, -0.999226, 0.012141, -0.037410, -0.003965, 0.004531, 0.019913, GEORGE, -0.455245, -0.113331, -0.290109, -0.003937, 0.027131 -0.018067, 0.977050, -0.200648, 0.070742, -0.002518, 0.002335, -0.007553
TIME, 16, FRED, 0.453065, -0.163327, -0.253035, 0.003348, 0.030707 -0.017756, -0.998826, 0.035410, -0.033069, -0.001841, 0.008779, 0.019214, GEORGE, -0.457167, -0.087909, -0.308374, -0.002930, 0.023988 -0.016144, 0.979484, -0.187416, 0.073257, 0.002380, 0.000183, -0.008240
TIME, 17, FRED, 0.457333, -0.131765, -0.269308, 0.003497, 0.030904 -0.017416, -0.997028, 0.039659, -0.066055, -0.004673, 0.005947, 0.011529, GEORGE, -0.460265, -0.064837, -0.324290, -0.002594, 0.021363 -0.014405, 0.978655, -0.193234, 0.069347, 0.000275, -0.002609, -0.008240
TIME, 18, FRED, 0.462721, -0.102162, -0.287503, 0.003970, 0.030621 -0.017585, -0.997220, 0.037926, -0.064134, -0.004673, 0.006655, 0.001747, GEORGE, -0.464644, -0.040803, -0.337748, -0.002716, 0.019807 -0.012391, 0.983362, -0.165728, 0.073753, -0.001099, -0.001877, -0.013916
TIME, 19, FRED, 0.466432, -0.078666, -0.303516, 0.003046, 0.025022 -0.015805, -0.995130, 0.052229, -0.083594, -0.001841, 0.005947, -0.001048, GEORGE, -0.466781, -0.022965, -0.352382, -0.001984, 0.016694 -0.011383, 0.982841, -0.170242, 0.070807, -0.001831, -0.001877, -0.013916
TIME, 20, FRED, 0.470201, -0.055021, -0.317252, 0.002615, 0.021809 -0.013938, -0.995830, 0.043326, -0.080287, 0.000283, -0.000425, -0.005939, GEORGE, -0.469237, -0.004700, -0.364025, -0.001770, 0.014924 -0.009735, 0.986898, -0.141147, 0.077521, -0.000412, 0.000915, -0.013230
TIME, 21, FRED, 0.471579, -0.033495, -0.331911, 0.001792, 0.019092 -0.012848, -0.995075, 0.035159, -0.092686, -0.001133, -0.004673, -0.005240, GEORGE, -0.468917, 0.008652, -0.374706, -0.001038, 0.012421 -0.008545, 0.990640, -0.111046, 0.079013, -0.001831, 0.004441, -0.012497
TIME, 22, FRED, 0.472181, -0.016359, -0.342638, 0.001112, 0.016123 -0.011025, -0.996399, 0.019963, -0.082402, 0.001699, -0.006797, -0.012926, GEORGE, -0.470946, 0.024033, -0.384106, -0.001129, 0.011200 -0.006989, 0.992731, -0.109969, 0.047891, 0.000275, 0.006546, -0.011078
TIME, 23, FRED, 0.474209, -0.002693, -0.355468, 0.001167, 0.013465 -0.010307, -0.996774, 0.019504, -0.077849, -0.002549, -0.005381, -0.014323, GEORGE, -0.473083, 0.035783, -0.390408, -0.001099, 0.009522 -0.005371, 0.991987, -0.110058, 0.061711, -0.001099, 0.003021, -0.006867
TIME, 24, FRED, 0.475487, 0.010637, -0.365086, 0.001080, 0.011746 -0.008896, -0.997525, 0.009938, -0.069605, 0.000283, -0.006089, -0.005939, GEORGE, -0.475005, 0.043260, -0.397137, -0.000885, 0.007538 -0.004822, 0.993341, -0.107728, 0.040026, 0.000275, 0.005127, -0.011811
TIME, 25, FRED, 0.477751, 0.021076, -0.373949, 0.001226, 0.009939 -0.007797, -0.997268, 0.014534, -0.072419, 0.000283, -0.006089, -0.005240, GEORGE, -0.477889, 0.050844, -0.404401, -0.001251, 0.006134 -0.004334, 0.994165, -0.098327, 0.043901, -0.000412, 0.001602, -0.009659
TIME, 26, FRED, 0.477377, 0.032858, -0.382543, 0.000578, 0.009040 -0.006872, -0.998934, 0.003653, -0.046019, 0.000283, -0.007505, -0.005240, GEORGE, -0.469878, 0.063875, -0.409101, 0.008271, 0.014618 -0.004608, 0.996158, -0.077705, 0.038802, -0.001099, 0.003021, -0.005448
TIME, 27, FRED, 0.477660, 0.042469, -0.389252, 0.000477, 0.007744 -0.005802, -0.999386, -0.002996, -0.034924, -0.001841, -0.010337, -0.008734, GEORGE, -0.458663, 0.086413, -0.416044, 0.016724, 0.023377 -0.005280, 0.996481, -0.074579, 0.037879, -0.001099, 0.000915, -0.005448
TIME, 28, FRED, 0.477829, 0.051618, -0.394587, 0.000175, 0.006707 -0.004789, -0.999320, -0.006869, -0.036225, 0.000283, -0.006089, 0.001747, GEORGE, -0.437086, 0.112689, -0.424909, 0.024567, 0.029176 -0.005798, 0.997644, -0.062800, 0.025394, -0.003250, 0.002335, -0.002609
TIME, 29, FRED, 0.473218, 0.066344, -0.400806, -0.008247, 0.015145 -0.005331, -0.999358, -0.007165, -0.035102, 0.000991, -0.005381, 0.007336, GEORGE, -0.413480, 0.140569, -0.430784, 0.027772, 0.031312 -0.005249, 0.995506, -0.075294, 0.056398, 0.002380, -0.001877, 0.006546
TIME, 30, FRED, 0.456685, 0.086437, -0.404578, -0.017462, 0.022486 -0.005207, -0.999726, -0.007312, -0.022263, 0.000283, -0.008213, 0.011529, GEORGE, -0.389981, 0.168127, -0.432813, 0.028352, 0.031281 -0.003876, 0.995669, -0.076476, 0.051983, -0.000412, 0.000915, 0.006546
TIME, 31, FRED, 0.435436, 0.111654, -0.412443, -0.024662, 0.028537 -0.005961, -0.999547, 0.013331, -0.026981, -0.001133, 0.003823, 0.012227, GEORGE, -0.360607, 0.198783, -0.439329, 0.029328, 0.031068 -0.003937, 0.995061, -0.090237, 0.040960, -0.000412, 0.003708, 0.007279
TIME, 32, FRED, 0.411707, 0.140257, -0.420717, -0.027731, 0.031207 -0.006416, -0.999590, 0.019642, -0.020833, 0.002407, 0.005239, 0.015721, GEORGE, -0.338923, 0.226234, -0.443388, 0.027070, 0.029206 -0.003449, 0.993958, -0.106242, 0.026077, 0.000275, 0.002335, 0.017899
TIME, 33, FRED, 0.384635, 0.170569, -0.425376, -0.029160, 0.031875 -0.005371, -0.998934, 0.043138, -0.016407, 0.000991, 0.004531, 0.019214, GEORGE, -0.315424, 0.251763, -0.446379, 0.025910, 0.027223 -0.002930, 0.991765, -0.117755, 0.050065, 0.003113, -0.002609, 0.015061
TIME, 34, FRED, 0.358918, 0.201251, -0.430554, -0.028389, 0.031586 -0.004770, -0.998130, 0.054435, -0.027809, 0.003115, 0.007363, 0.020612, GEORGE, -0.291070, 0.276330, -0.449370, 0.024506, 0.025147 -0.002655, 0.990484, -0.133637, 0.031853, 0.003113, 0.001602, 0.013642
TIME, 35, FRED, 0.334599, 0.229608, -0.437121, -0.027262, 0.029722 -0.004692, -0.997646, 0.055930, -0.039683, -0.001841, 0.000283, 0.015022, GEORGE, -0.271203, 0.301965, -0.451292, 0.021973, 0.023621 -0.001984, 0.988991, -0.144474, 0.030838, 0.001694, 0.000183, 0.015061
TIME, 36, FRED, 0.309938, 0.255891, -0.439297, -0.025989, 0.027493 -0.003515, -0.995013, 0.087594, -0.047711, 0.000283, -0.000425, 0.015022, GEORGE, -0.249947, 0.322794, -0.455031, 0.020569, 0.020936 -0.002258, 0.985629, -0.167561, 0.018598, 0.000275, -0.001877, 0.009384
TIME, 37, FRED, 0.282758, 0.281304, -0.443617, -0.025126, 0.025490 -0.003626, -0.993501, 0.101865, -0.050788, -0.000425, -0.003965, 0.012926, GEORGE, -0.229652, 0.343730, -0.457167, 0.019135, 0.019257 -0.001739, 0.986317, -0.163999, 0.013067, -0.001099, -0.001877, 0.000183
TIME, 38, FRED, 0.258562, 0.305557, -0.447605, -0.023253, 0.023489 -0.003190, -0.993026, 0.113917, -0.030383, 0.002407, -0.003965, 0.008035, GEORGE, -0.208823, 0.362209, -0.459410, 0.017914, 0.017243 -0.001618, 0.985315, -0.169962, 0.012251, 0.002380, -0.001877, 0.003021
TIME, 39, FRED, 0.239790, 0.326435, -0.451780, -0.020400, 0.021021 -0.002883, -0.993232, 0.109542, -0.038621, 0.000283, -0.003965, 0.002446, GEORGE, -0.190664, 0.381222, -0.461013, 0.016083, 0.015870 -0.001434, 0.982654, -0.184262, 0.018261, -0.001831, -0.000458, 0.000916
TIME, 40, FRED, 0.221984, 0.348168, -0.453072, -0.018322, 0.019466 -0.001962, -0.990831, 0.122880, -0.056171, -0.001841, -0.003257, 0.003843, GEORGE, -0.179022, 0.394467, -0.459624, 0.013276, 0.013306 -0.000397, 0.986060, -0.164707, 0.023053, -0.002518, -0.005448, -0.001190
TIME, 41, FRED, 0.201260, 0.367986, -0.457174, -0.017381, 0.017633 -0.002420, -0.991976, 0.117805, -0.045898, 0.002407, -0.006089, -0.003144, GEORGE, -0.167058, 0.405255, -0.462508, 0.008911, 0.008637 -0.001007, 0.986983, -0.157723, 0.030751, -0.001831, -0.005448, 0.000916
TIME, 42, FRED, 0.185328, 0.384201, -0.461716, -0.015264, 0.015350 -0.002361, -0.992598, 0.118090, -0.028355, -0.000425, -0.008921, -0.005939, GEORGE, -0.158513, 0.412412, -0.462294, 0.006195, 0.005890 -0.000366, 0.986035, -0.166077, 0.009583, -0.000412, -0.004715, 0.001602
TIME, 43, FRED, 0.173175, 0.399285, -0.459388, -0.012940, 0.013495 -0.000590, -0.992322, 0.122359, -0.018031, -0.001133, -0.009629, -0.010830, GEORGE, -0.151357, 0.420530, -0.466674, 0.004578, 0.004639 -0.001160, 0.985836, -0.167434, 0.000998, -0.000412, -0.002609, 0.000916
TIME, 44, FRED, 0.160842, 0.412940, -0.461724, -0.011548, 0.011857 -0.000998, -0.993160, 0.115730, -0.015474, -0.001841, -0.003965, -0.017118, GEORGE, -0.147725, 0.423414, -0.465926, 0.003052, 0.002899 -0.000366, 0.986507, -0.161820, 0.023818, -0.003250, -0.005448, 0.000916
TIME, 45, FRED, 0.150117, 0.431563, -0.465545, -0.007266, 0.020237 -0.001920, -0.993655, 0.111488, -0.014814, 0.000991, -0.001841, -0.015022, GEORGE, -0.141102, 0.429075, -0.464858, 0.003052, 0.002808 -0.000030, 0.989694, -0.141211, 0.021453, -0.001099, -0.004028, 0.000916
TIME, 46, FRED, 0.151636, 0.456778, -0.467688, 0.002638, 0.025887 -0.002509, -0.997246, 0.073841, -0.006982, -0.001841, -0.003257, -0.024804, GEORGE, -0.136189, 0.432920, -0.463897, 0.002686, 0.002350 0.000244, 0.988798, -0.147767, 0.020499, -0.001831, -0.006867, -0.001877
TIME, 47, FRED, 0.147909, 0.474893, -0.470329, 0.000764, 0.017537 -0.001991, -0.999287, 0.036361, -0.010146, 0.001699, -0.003257, -0.042271, GEORGE, -0.134907, 0.434096, -0.463897, 0.001617, 0.001404 0.000153, 0.987115, -0.157087, 0.030352, 0.000961, -0.001877, -0.003296
TIME, 48, FRED, 0.143679, 0.486895, -0.471644, -0.000511, 0.010629 -0.001314, -0.999913, -0.008627, -0.009982, 0.001699, -0.004673, -0.055547, GEORGE, -0.131275, 0.436765, -0.464324, 0.002014, 0.001282 0.000061, 0.987493, -0.154984, 0.027712, -0.002518, -0.001877, 0.000916
TIME, 49, FRED, 0.150493, 0.499904, -0.472263, 0.008459, 0.013092 -0.001297, -0.997940, -0.063900, -0.005619, -0.006797, -0.003257, -0.054149, GEORGE, -0.128925, 0.438261, -0.463576, 0.001556, 0.001434 0.000183, 0.986713, -0.160831, 0.020192, -0.001099, -0.002609, 0.000183
TIME, 50, FRED, 0.156496, 0.510198, -0.473747, 0.007909, 0.012399 -0.001385, -0.991209, -0.131048, -0.018211, -0.003257, -0.005381, -0.054848, GEORGE, -0.125187, 0.441466, -0.465606, 0.001495, 0.001587 -0.000244, 0.988113, -0.151466, 0.025655, -0.001831, -0.003296, 0.003708
TIME, 51, FRED, 0.159573, 0.526424, -0.474457, 0.006893, 0.013264 -0.001314, -0.980488, -0.196562, 0.002645, -0.003257, -0.004673, -0.056245, GEORGE, -0.123692, 0.442320, -0.465178, 0.001373, 0.000977 -0.000122, 0.987672, -0.151440, 0.038774, -0.002518, -0.002609, -0.000458
TIME, 52, FRED, 0.165667, 0.537914, -0.476606, 0.006649, 0.012908 -0.001518, -0.973629, -0.228128, -0.001903, -0.003965, -0.007505, -0.056245, GEORGE, -0.122623, 0.444242, -0.467635, 0.001282, 0.001160 -0.000610, 0.989480, -0.139983, 0.035135, -0.001099, -0.005448, -0.001877
TIME, 53, FRED, 0.169034, 0.546996, -0.478573, 0.003834, 0.007894 -0.001272, -0.960436, -0.278482, 0.003166, -0.000425, -0.009629, -0.049258, GEORGE, -0.118778, 0.446913, -0.469024, 0.001831, 0.001495 -0.000336, 0.989427, -0.142213, 0.027285, -0.001099, -0.000458, -0.000458
TIME, 54, FRED, 0.168626, 0.554663, -0.476879, 0.001756, 0.005345 -0.000201, -0.948057, -0.316661, 0.030219, -0.003965, -0.009629, -0.039476, GEORGE, -0.117069, 0.446272, -0.469878, 0.001221, 0.000610 -0.000458, 0.987398, -0.156807, 0.019118, -0.001831, -0.005448, 0.000183
TIME, 55, FRED, 0.169233, 0.559610, -0.479265, 0.000939, 0.003601 -0.000645, -0.939209, -0.341042, 0.039716, 0.003823, -0.005381, -0.033887, GEORGE, -0.114399, 0.447875, -0.469131, 0.001465, 0.000855 -0.000214, 0.984837, -0.167559, 0.043688, 0.000275, -0.003296, -0.001190
TIME, 56, FRED, 0.173831, 0.563259, -0.480552, 0.001486, 0.002511 -0.000768, -0.929542, -0.365664, 0.047347, 0.000991, -0.003965, -0.032489, GEORGE, -0.113117, 0.448195, -0.469451, 0.001038, 0.000855 -0.000214, 0.986048, -0.160353, 0.043487, -0.001831, -0.004028, 0.000183
TIME, 57, FRED, 0.176859, 0.567589, -0.483723, 0.001271, 0.002284 -0.001242, -0.921538, -0.383112, 0.063190, 0.000991, 0.000991, -0.027599, GEORGE, -0.113544, 0.450010, -0.466353, 0.000763, 0.001068 0.000519, 0.986619, -0.159350, 0.033843, -0.001831, -0.003296, 0.000916
TIME, 58, FRED, 0.178835, 0.568364, -0.482987, 0.000965, 0.001285 -0.000627, -0.915006, -0.401114, 0.043273, 0.000991, 0.001699, -0.017817, GEORGE, -0.111194, 0.452468, -0.468596, 0.001038, 0.001465 -0.000092, 0.986660, -0.157316, 0.040385, -0.001831, -0.004715, -0.001877
TIME, 59, FRED, 0.179396, 0.572007, -0.482579, 0.000682, 0.001512 -0.000365, -0.900989, -0.431409, 0.045887, -0.001841, -0.008921, -0.012926, GEORGE, -0.108631, 0.452468, -0.467528, 0.001282, 0.000793 0.000153, 0.985254, -0.159742, 0.060464, 0.000275, -0.004715, -0.001877
TIME, 60, FRED, 0.178868, 0.573221, -0.482435, 0.000365, 0.001025 -0.000228, -0.902033, -0.428383, 0.053143, -0.004673, -0.001841, -0.007336, GEORGE, -0.109485, 0.453856, -0.468276, 0.000702, 0.000946 0.000000, 0.983420, -0.171216, 0.058624, -0.001831, -0.001877, -0.002609
TIME, 61, FRED, 0.177405, 0.571104, -0.482734, -0.003223, -0.002949 0.000264, -0.899436, -0.433085, 0.058759, 0.001699, 0.001699, -0.002446, GEORGE, -0.109806, 0.453749, -0.460585, -0.000214, 0.000916 0.009247, 0.987134, -0.148853, 0.057963, -0.004669, 0.000915, -0.023118
TIME, 62, FRED, 0.170755, 0.565379, -0.482595, -0.005967, -0.005464 0.000572, -0.901122, -0.430573, 0.050856, 0.002407, -0.004673, -0.003144, GEORGE, -0.114505, 0.456847, -0.446379, -0.001984, 0.001587 0.017914, 0.993336, -0.103233, 0.050797, -0.001831, 0.002335, -0.040834
TIME, 63, FRED, 0.166591, 0.562565, -0.482590, -0.006483, -0.005673 0.000748, -0.900515, -0.427545, 0.079233, -0.005381, -0.018125, 0.003843, GEORGE, -0.115040, 0.458769, -0.423734, -0.002380, 0.001862 0.026551, 0.998164, -0.049193, 0.033994, 0.001694, 0.008698, -0.054292
TIME, 64, FRED, 0.161675, 0.556824, -0.479612, -0.006622, -0.006313 0.001622, -0.895606, -0.430873, 0.110626, -0.002549, -0.030160, 0.012926, GEORGE, -0.117176, 0.460692, -0.391903, -0.003143, 0.002045 0.035249, 0.998952, 0.003558, 0.045107, 0.001694, 0.019318, -0.070543
TIME, 65, FRED, 0.153456, 0.550417, -0.479289, -0.007303, -0.006699 0.001333, -0.904291, -0.405407, 0.133801, -0.000425, -0.042196, 0.013625, GEORGE, -0.118885, 0.461653, -0.353557, -0.003510, 0.001892 0.043611, 0.996996, 0.076793, -0.004227, -0.003250, 0.040559, -0.079745
TIME, 66, FRED, 0.147784, 0.544732, -0.478422, -0.006851, -0.006414 0.001212, -0.896620, -0.393223, 0.203588, -0.000425, -0.070516, 0.012926, GEORGE, -0.120914, 0.465606, -0.307733, -0.003876, 0.002503 0.051698, 0.984974, 0.167801, -0.040212, 0.001694, 0.068163, -0.082583
TIME, 67, FRED, 0.141821, 0.537367, -0.476621, -0.006476, -0.006597 0.001314, -0.884904, -0.368155, 0.285318, -0.002549, -0.095296, 0.014323, GEORGE, -0.124760, 0.467208, -0.253471, -0.004761, 0.002075 0.059938, 0.959500, 0.245034, -0.138836, -0.003250, 0.116321, -0.064913
TIME, 68, FRED, 0.132102, 0.534638, -0.475104, -0.007004, -0.005391 0.001204, -0.859611, -0.328156, 0.391642, -0.001133, -0.120075, 0.017118, GEORGE, -0.130314, 0.468917, -0.196005, -0.005646, 0.001953 0.062410, 0.918795, 0.280673, -0.277379, -0.003250, 0.148869, -0.047197
TIME, 69, FRED, 0.126066, 0.530027, -0.474029, -0.006133, -0.004951 0.000816, -0.817748, -0.272258, 0.507112, -0.000425, -0.131403, 0.016420, GEORGE, -0.132237, 0.471907, -0.140034, -0.005066, 0.002014 0.061403, 0.864326, 0.261142, -0.429728, 0.000961, 0.165853, -0.028794
TIME, 70, FRED, 0.121473, 0.524609, -0.473888, -0.005210, -0.005055 0.000790, -0.750060, -0.236373, 0.617688, -0.001841, -0.139899, 0.016420, GEORGE, -0.138325, 0.473403, -0.083102, -0.005829, 0.001648 0.059298, 0.781787, 0.250536, -0.570966, -0.001831, 0.164434, -0.014649
TIME, 71, FRED, 0.117152, 0.519639, -0.474926, -0.004563, -0.004906 0.000251, -0.671631, -0.197635, 0.714040, -0.000425, -0.132819, 0.014323, GEORGE, -0.142811, 0.475112, -0.026490, -0.005310, 0.001465 0.056307, 0.672939, 0.231570, -0.702427, 0.000275, 0.149556, -0.009659
TIME, 72, FRED, 0.111974, 0.516057, -0.472578, -0.004325, -0.004239 0.001003, -0.584784, -0.157214, 0.795809, 0.000991, -0.120075, 0.009432, GEORGE, -0.149861, 0.476928, 0.025101, -0.005646, 0.001251 0.052126, 0.574520, 0.201584, -0.793193, 0.001694, 0.127629, -0.004715
TIME, 73, FRED, 0.110234, 0.509814, -0.472734, -0.003209, -0.004514 0.000688, -0.513513, -0.104561, 0.851688, 0.000991, -0.098835, 0.009432, GEORGE, -0.153066, 0.479705, 0.070605, -0.004578, 0.001373 0.046938, 0.481123, 0.190008, -0.855775, 0.001694, 0.102863, 0.001602
TIME, 74, FRED, 0.107750, 0.506609, -0.464963, -0.001860, -0.003960 0.011083, -0.421711, -0.075447, 0.903586, 0.005239, -0.097420, 0.011529, GEORGE, -0.157018, 0.481200, 0.117389, -0.004303, 0.001099 0.043397, 0.416855, 0.178392, -0.891255, 0.000275, 0.079470, 0.008698
TIME, 75, FRED, 0.103785, 0.502538, -0.447014, -0.001318, -0.003702 0.020572, -0.342778, -0.040263, 0.938554, 0.001699, -0.082551, 0.009432, GEORGE, -0.162893, 0.483230, 0.158406, -0.004181, 0.001160 0.039094, 0.357915, 0.165094, -0.919000, -0.003250, 0.054705, 0.012955
TIME, 76, FRED, 0.099660, 0.496841, -0.423080, -0.000893, -0.003838 0.028699, -0.286433, 0.004144, 0.958091, 0.003823, -0.073348, 0.006638, GEORGE, -0.164708, 0.485793, 0.194082, -0.003357, 0.001282 0.034669, 0.326735, 0.104365, -0.939284, 0.000275, 0.039827, 0.021424
TIME, 77, FRED, 0.100450, 0.494026, -0.389689, 0.000698, -0.003311 0.036789, -0.258268, 0.013250, 0.965982, 0.002407, -0.062020, 0.005939, GEORGE, -0.168874, 0.489639, 0.228477, -0.003235, 0.001770 0.031312, 0.312981, 0.068926, -0.947216, -0.001831, 0.024262, 0.019318
TIME, 78, FRED, 0.102613, 0.490181, -0.350193, 0.002202, -0.003059 0.044050, -0.246395, 0.031254, 0.968666, -0.001133, -0.040780, 0.007336, GEORGE, -0.170370, 0.488785, 0.258919, -0.002411, 0.000580 0.027741, 0.299797, 0.041126, -0.953093, 0.002380, 0.017899, 0.016480
TIME, 79, FRED, 0.104138, 0.490140, -0.301777, 0.003279, -0.001854 0.051546, -0.226310, 0.040386, 0.973218, -0.001133, -0.014585, 0.003144, GEORGE, -0.173147, 0.488250, 0.288079, -0.002258, 0.000244 0.024781, 0.294205, 0.033795, -0.955109, 0.000275, 0.005127, 0.015748
TIME, 80, FRED, 0.104230, 0.488292, -0.247584, 0.003997, -0.001388 0.058328, -0.216025, 0.030520, 0.975911, 0.003823, 0.013027, 0.004542, GEORGE, -0.175283, 0.489426, 0.310404, -0.002045, 0.000336 0.021088, 0.298427, 0.019453, -0.954212, 0.002380, -0.002609, 0.013642
TIME, 81, FRED, 0.110268, 0.484936, -0.191469, 0.005883, -0.001439 0.061284, -0.199254, 0.032111, 0.979422, -0.000425, -0.036532, -0.014323, GEORGE, -0.177633, 0.490921, 0.331660, -0.001862, 0.000519 0.018494, 0.321641, 0.009384, -0.946773, 0.000275, -0.013917, 0.014328
TIME, 82, FRED, 0.114176, 0.484033, -0.134483, 0.006076, -0.000792 0.061059, -0.193633, 0.027337, 0.980693, 0.002407, 0.018691, -0.001048, GEORGE, -0.178808, 0.492416, 0.350032, -0.001404, 0.000610 0.015900, 0.349234, 0.014515, -0.936868, 0.001694, -0.018860, 0.016480
TIME, 83, FRED, 0.119137, 0.484509, -0.077790, 0.006129, -0.000169 0.059042, -0.249069, 0.040501, 0.967639, -0.003965, 0.051966, 0.013625, GEORGE, -0.180837, 0.492630, 0.365520, -0.001526, 0.000305 0.013459, 0.375186, 0.012035, -0.926789, -0.000412, -0.028794, 0.017899
TIME, 84, FRED, 0.124789, 0.483683, -0.024884, 0.006467, -0.000181 0.055487, -0.294377, 0.047734, 0.954497, -0.004673, 0.076746, 0.012926, GEORGE, -0.179662, 0.492523, 0.379940, -0.000855, 0.000061 0.011780, 0.406470, 0.005849, -0.913555, 0.000275, -0.032319, 0.015748
TIME, 85, FRED, 0.131921, 0.484184, 0.027976, 0.006765, 0.000058 0.052215, -0.370925, 0.029931, 0.928180, -0.002549, 0.088782, 0.023407, GEORGE, -0.181158, 0.490600, 0.393078, -0.000885, -0.000519 0.010285, 0.410183, 0.011792, -0.911869, 0.000275, -0.038682, 0.012955
TIME, 86, FRED, 0.141666, 0.482736, 0.074511, 0.007051, -0.000211 0.047656, -0.476987, 0.031034, 0.878363, -0.002549, 0.098694, 0.022009, GEORGE, -0.183187, 0.491989, 0.403867, -0.001129, 0.000000 0.008606, 0.467246, 0.013226, -0.883997, -0.000412, -0.050722, 0.020005
TIME, 87, FRED, 0.147922, 0.483707, 0.119761, 0.006282, 0.000256 0.043724, -0.551575, 0.024886, 0.833754, 0.003823, 0.092322, 0.026201, GEORGE, -0.184683, 0.489532, 0.412305, -0.001068, -0.000549 0.006989, 0.512841, 0.009247, -0.858382, 0.000275, -0.061342, 0.020005
TIME, 88, FRED, 0.154929, 0.483639, 0.160186, 0.005885, 0.000210 0.039427, -0.637132, 0.010543, 0.770683, 0.000991, 0.086658, 0.022009, GEORGE, -0.179022, 0.490387, 0.420209, 0.010346, -0.000061 0.006317, 0.567055, -0.008258, -0.823621, -0.001099, -0.062075, 0.023576
TIME, 89, FRED, 0.165904, 0.481231, 0.202802, 0.012232, -0.000514 0.040903, -0.709349, 0.003559, 0.704848, -0.001841, 0.085242, 0.023407, GEORGE, -0.176031, 0.493271, 0.426939, 0.001648, 0.000671 0.005371, 0.630925, -0.014044, -0.775640, -0.004669, -0.067019, 0.022156
TIME, 90, FRED, 0.175958, 0.481220, 0.241654, 0.008672, -0.000006 0.035097, -0.771141, 0.006981, 0.636626, 0.003115, 0.080286, 0.028297, GEORGE, -0.166952, 0.489639, 0.432920, 0.013306, -0.000458 0.004456, 0.689185, -0.015036, -0.724363, -0.002518, -0.071963, 0.028520
TIME, 91, FRED, 0.179154, 0.480791, 0.273741, 0.005190, 0.000094 0.029635, -0.818391, 0.009306, 0.574586, 0.003115, 0.076038, 0.026900, GEORGE, -0.148900, 0.487503, 0.438475, 0.021821, -0.000946 0.003815, 0.746827, -0.024693, -0.664494, -0.000412, -0.081164, 0.025681
TIME, 92, FRED, 0.182642, 0.481972, 0.300812, 0.003525, 0.000532 0.025106, -0.864269, 0.020562, 0.502610, 0.000991, 0.068250, 0.023407, GEORGE, -0.128605, 0.491669, 0.440825, 0.025483, 0.000458 0.002686, 0.804918, -0.023474, -0.592856, -0.001099, -0.076952, 0.023576
TIME, 93, FRED, 0.185503, 0.480658, 0.324427, 0.002570, 0.000098 0.021364, -0.896174, 0.010752, 0.443573, 0.000991, 0.061170, 0.020612, GEORGE, -0.105319, 0.491882, 0.442534, 0.027070, 0.000244 0.001587, 0.845685, -0.026699, -0.532979, 0.000961, -0.066332, 0.022156
TIME, 94, FRED, 0.190255, 0.480465, 0.358304, 0.008202, -0.001052 0.030641, -0.923480, 0.012633, 0.383440, 0.001699, 0.060462, 0.019214, GEORGE, -0.085238, 0.492843, 0.437727, 0.020356, 0.001373 -0.006409, 0.885152, -0.033762, -0.464025, 0.001694, -0.067751, 0.020005
TIME, 95, FRED, 0.207732, 0.476729, 0.392757, 0.019301, -0.002558 0.034405, -0.944855, 0.012454, 0.327251, 0.002407, 0.064002, 0.019913, GEORGE, -0.075304, 0.493698, 0.432707, 0.007874, 0.002197 -0.009491, 0.911512, -0.041889, -0.409030, -0.000412, -0.063494, 0.021424
TIME, 96, FRED, 0.218247, 0.475421, 0.420777, 0.012559, -0.001467 0.026200, -0.962317, 0.024304, 0.270841, 0.001699, 0.066126, 0.028996, GEORGE, -0.060671, 0.494019, 0.426405, 0.015412, 0.000916 -0.005158, 0.941669, -0.031571, -0.334995, 0.001694, -0.074801, 0.029939
TIME, 97, FRED, 0.237541, 0.471829, 0.451002, 0.021904, -0.002538 0.027787, -0.977642, 0.005943, 0.210192, 0.005239, 0.061878, 0.026201, GEORGE, -0.054155, 0.496368, 0.424268, 0.005249, 0.001923 -0.005066, 0.962846, -0.027541, -0.268596, 0.000275, -0.073382, 0.028520
TIME, 98, FRED, 0.257082, 0.473295, 0.476267, 0.021412, -0.001645 0.027139, -0.991970, 0.023445, 0.124283, 0.003115, 0.080994, 0.045765, GEORGE, -0.044328, 0.496475, 0.422346, 0.012665, 0.000458 -0.001801, 0.982399, -0.045949, -0.180745, 0.001694, -0.095355, 0.044771
TIME, 99, FRED, 0.270434, 0.474500, 0.496298, 0.013243, -0.000360 0.018496, -0.998066, 0.060394, 0.014736, 0.000991, 0.090198, 0.050656, GEORGE, -0.033326, 0.498932, 0.418394, 0.012268, 0.000885 -0.002319, 0.996481, -0.049413, -0.067428, 0.003800, -0.106662, 0.051866
TIME, 100, FRED, 0.275518, 0.474446, 0.511133, 0.004642, 0.000232 0.010042, -0.993734, 0.073457, -0.084243, 0.003115, 0.099402, 0.047162, GEORGE, -0.019227, 0.499146, 0.417646, 0.012635, 0.000732 -0.001953, 0.996466, -0.066169, 0.050590, -0.001099, -0.104556, 0.051179
TIME, 101, FRED, 0.287766, 0.473259, 0.525303, 0.010903, -0.000571 0.014046, -0.982389, 0.080441, -0.168647, 0.003115, 0.095154, 0.044367, GEORGE, -0.009613, 0.499038, 0.413053, 0.006958, 0.001007 -0.006134, 0.981683, -0.089547, 0.168124, 0.001694, -0.102405, 0.049028
TIME, 102, FRED, 0.293059, 0.469750, 0.536365, 0.003774, -0.000712 0.007013, -0.958987, 0.089226, -0.269040, 0.000283, 0.093738, 0.038079, GEORGE, 0.002136, 0.498825, 0.409742, 0.012391, 0.000122 -0.002258, 0.957023, -0.110390, 0.267989, 0.001694, -0.093936, 0.036988
TIME, 103, FRED, 0.295427, 0.469886, 0.541558, -0.000958, 0.000296 0.001469, -0.933743, 0.105658, -0.341995, 0.000991, 0.073206, 0.033188, GEORGE, 0.012391, 0.498291, 0.404401, 0.008728, 0.000305 -0.006043, 0.936165, -0.091574, 0.339340, 0.001694, -0.079745, 0.031358
TIME, 104, FRED, 0.295600, 0.468196, 0.542453, -0.003680, 0.000290 -0.002183, -0.905973, 0.106372, -0.409753, 0.001699, 0.062586, 0.032489, GEORGE, 0.019761, 0.498718, 0.392544, 0.005463, 0.000855 -0.011628, 0.908957, -0.086072, 0.407809, -0.000412, -0.066332, 0.027787
TIME, 105, FRED, 0.290965, 0.468985, 0.541825, -0.006015, 0.000761 -0.004162, -0.883644, 0.105637, -0.456086, 0.000991, 0.055507, 0.023407, GEORGE, 0.027238, 0.499787, 0.388272, 0.009827, 0.000336 -0.004273, 0.888222, -0.093509, 0.449760, -0.002518, -0.055711, 0.025681
TIME, 106, FRED, 0.286634, 0.469494, 0.540246, -0.006898, 0.001092 -0.005244, -0.852325, 0.113416, -0.510568, 0.002407, 0.049842, 0.019214, GEORGE, 0.037812, 0.500320, 0.376308, 0.010102, 0.001679 -0.015565, 0.851147, -0.100504, 0.515143, 0.000275, -0.054979, 0.027100
TIME, 107, FRED, 0.279508, 0.471716, 0.534065, -0.007878, 0.001321 -0.006755, -0.822533, 0.115345, -0.556898, -0.001133, 0.043471, 0.021310, GEORGE, 0.043687, 0.502671, 0.358470, 0.005341, 0.002930 -0.023286, 0.821489, -0.106177, 0.560164, -0.001831, -0.045778, 0.024949
TIME, 108, FRED, 0.278664, 0.472955, 0.533912, -0.000484, 0.000648 -0.000756, -0.788388, 0.121272, -0.603106, -0.000425, 0.040639, 0.022009, GEORGE, 0.051164, 0.504914, 0.345439, 0.008362, 0.001526 -0.011811, 0.797144, -0.100176, 0.595326, -0.003250, -0.045778, 0.023576
TIME, 109, FRED, 0.275168, 0.471060, 0.531490, -0.003872, 0.000334 -0.003721, -0.752359, 0.128439, -0.646111, 0.002407, 0.042763, 0.022009, GEORGE, 0.060457, 0.506409, 0.339564, 0.010315, 0.000488 -0.003204, 0.756871, -0.100549, 0.645721, 0.000961, -0.043672, 0.023576
TIME, 110, FRED, 0.271885, 0.471168, 0.525633, -0.005352, 0.000575 -0.005570, -0.719135, 0.132571, -0.682107, 0.000283, 0.035683, 0.021310, GEORGE, 0.071780, 0.509293, 0.325785, 0.011109, 0.003174 -0.016907, 0.715679, -0.141358, 0.683943, -0.001831, -0.037996, 0.026368
TIME, 111, FRED, 0.265025, 0.472118, 0.521004, -0.006493, 0.000790 -0.006183, -0.692576, 0.148704, -0.705851, -0.000425, 0.034975, 0.019214, GEORGE, 0.080111, 0.512818, 0.306452, 0.006195, 0.004517 -0.023743, 0.692739, -0.135243, 0.708298, 0.000961, -0.038682, 0.021424
TIME, 112, FRED, 0.257403, 0.474473, 0.514883, -0.006992, 0.001193 -0.006465, -0.663557, 0.147397, -0.733462, 0.000283, 0.039931, 0.019913, GEORGE, 0.086200, 0.516663, 0.285089, 0.006165, 0.004364 -0.023194, 0.658749, -0.139387, 0.739282, -0.000412, -0.037309, 0.022156
TIME, 113, FRED, 0.251218, 0.474160, 0.509643, -0.006928, 0.000849 -0.006309, -0.614814, 0.155641, -0.773162, -0.001841, 0.043471, 0.020612, GEORGE, 0.092395, 0.519760, 0.262337, 0.006165, 0.004089 -0.023133, 0.624219, -0.136921, 0.769113, -0.000412, -0.037996, 0.022843
TIME, 114, FRED, 0.245572, 0.474946, 0.503944, -0.006377, 0.001049 -0.006047, -0.576762, 0.150811, -0.802871, -0.000425, 0.049134, 0.026900, GEORGE, 0.098590, 0.523606, 0.244179, 0.006226, 0.004089 -0.022004, 0.575058, -0.135437, 0.806769, -0.002518, -0.038682, 0.021424
TIME, 115, FRED, 0.237924, 0.476606, 0.499341, -0.006558, 0.001350 -0.005725, -0.538028, 0.176028, -0.824342, -0.000425, 0.049842, 0.031092, GEORGE, 0.103504, 0.526169, 0.228156, 0.004151, 0.002289 -0.012604, 0.532940, -0.136043, 0.835121, -0.002518, -0.038682, 0.022156
TIME, 116, FRED, 0.234372, 0.476036, 0.491967, -0.005496, 0.000713 -0.005956, -0.481912, 0.153812, -0.862614, -0.001133, 0.054090, 0.033887, GEORGE, 0.106708, 0.528413, 0.217475, 0.002899, 0.001404 -0.007263, 0.503549, -0.152264, 0.850380, -0.001099, -0.035157, 0.024262
TIME, 117, FRED, 0.227675, 0.477726, 0.487471, -0.005546, 0.000828 -0.005248, -0.426776, 0.175216, -0.887221, 0.004531, 0.047010, 0.030394, GEORGE, 0.110767, 0.527985, 0.214270, 0.002319, 0.000458 -0.003296, 0.478675, -0.167288, 0.861864, -0.001831, -0.033738, 0.022843
TIME, 118, FRED, 0.222059, 0.478295, 0.481560, -0.005163, 0.000818 -0.005171, -0.395890, 0.177666, -0.900947, -0.001841, 0.042055, 0.026201, GEORGE, 0.116108, 0.528520, 0.207434, 0.002411, 0.000122 -0.002197, 0.433070, -0.176787, 0.883789, -0.000412, -0.035157, 0.020737
TIME, 119, FRED, 0.217293, 0.481128, 0.478328, -0.004724, 0.001306 -0.004110, -0.356306, 0.182449, -0.916383, -0.003257, 0.039223, 0.022708, GEORGE, 0.121128, 0.528733, 0.201666, 0.002411, -0.000031 -0.001434, 0.398450, -0.173241, 0.900628, -0.003937, -0.031633, 0.022843
TIME, 120, FRED, 0.217765, 0.480847, 0.463419, 0.000255, -0.000058 -0.016144, -0.300711, 0.178055, -0.936947, 0.001699, 0.037099, 0.022708, GEORGE, 0.121235, 0.528092, 0.201346, 0.001343, -0.000214 0.000153, 0.362489, -0.176245, 0.915132, -0.001099, -0.035157, 0.022156
TIME, 121, FRED, 0.223636, 0.477184, 0.449672, 0.008307, -0.004506 -0.016047, -0.256865, 0.193523, -0.946873, -0.000425, 0.038515, 0.019214, GEORGE, 0.124653, 0.527451, 0.197821, 0.001465, -0.001709 0.000305, 0.328847, -0.172206, 0.928499, 0.000275, -0.035157, 0.022843
TIME, 122, FRED, 0.237680, 0.468348, 0.440875, 0.017766, -0.009362 -0.010405, -0.204722, 0.187758, -0.960644, -0.001133, 0.025771, 0.014323, GEORGE, 0.126148, 0.527024, 0.197073, 0.001160, -0.002625 0.000915, 0.281983, -0.195966, 0.939167, -0.001099, -0.033051, 0.020005
TIME, 123, FRED, 0.256735, 0.457860, 0.435692, 0.021545, -0.011487 -0.003056, -0.184111, 0.192204, -0.963930, 0.001699, 0.018691, 0.015022, GEORGE, 0.127964, 0.525636, 0.197180, 0.001007, -0.003052 0.001160, 0.240817, -0.186111, 0.952476, -0.001099, -0.033051, 0.021424
TIME, 124, FRED, 0.274609, 0.449286, 0.429454, 0.020772, -0.010840 -0.003850, -0.199076, 0.203849, -0.958548, 0.000283, -0.020956, 0.005939, GEORGE, 0.131916, 0.521470, 0.195898, 0.001648, -0.003327 0.000671, 0.194467, -0.178153, 0.964545, -0.002518, -0.032319, 0.020737
TIME, 125, FRED, 0.290363, 0.439285, 0.426910, 0.019688, -0.010658 -0.003586, -0.224857, 0.226919, -0.947601, 0.000991, -0.052816, -0.006638, GEORGE, 0.134480, 0.520295, 0.195898, 0.001892, -0.002869 0.000519, 0.170013, -0.185215, 0.967827, 0.000275, -0.031633, 0.024262
TIME, 126, FRED, 0.309708, 0.430322, 0.413169, 0.019824, -0.009692 -0.013227, -0.283959, 0.233550, -0.929958, 0.000991, -0.057064, -0.008734, GEORGE, 0.133732, 0.516343, 0.195578, 0.001282, -0.003113 0.000336, 0.138876, -0.185095, 0.972823, -0.001831, -0.035157, 0.024262
TIME, 127, FRED, 0.326829, 0.423189, 0.394989, 0.019363, -0.008560 -0.021626, -0.337017, 0.250840, -0.907468, -0.000425, -0.066268, -0.007336, GEORGE, 0.137577, 0.513031, 0.195044, 0.001617, -0.003601 0.000794, 0.087123, -0.187675, 0.978321, -0.001831, -0.029481, 0.020005
TIME, 128, FRED, 0.349638, 0.411643, 0.382235, 0.025789, -0.011800 -0.014636, -0.407667, 0.266657, -0.873328, 0.000283, -0.075472, -0.005939, GEORGE, 0.140782, 0.508011, 0.196219, 0.002014, -0.003998 0.001373, 0.058062, -0.179257, 0.982002, -0.002518, -0.033738, 0.022843
TIME, 129, FRED, 0.373048, 0.397429, 0.367669, 0.025228, -0.012392 -0.014709, -0.491717, 0.311629, -0.813082, -0.001133, -0.096004, -0.006638, GEORGE, 0.144841, 0.498398, 0.198889, 0.005249, -0.013276 0.004486, 0.033333, -0.188001, 0.981555, 0.001694, 0.012955, 0.005127
TIME, 130, FRED, 0.396369, 0.388230, 0.346401, 0.023651, -0.010384 -0.023741, -0.574722, 0.332384, -0.747807, 0.002407, -0.103791, -0.012926, GEORGE, 0.151570, 0.480559, 0.204657, 0.008667, -0.021882 0.007019, 0.096096, -0.207963, 0.973350, -0.001099, 0.068163, -0.011811
TIME, 131, FRED, 0.425412, 0.377511, 0.328809, 0.032502, -0.012761 -0.019480, -0.638801, 0.355238, -0.682452, 0.001699, -0.102375, -0.014323, GEORGE, 0.151784, 0.465712, 0.207327, -0.001679, -0.018006 0.002899, 0.178022, -0.228606, 0.957034, -0.000412, 0.096454, -0.023118
TIME, 132, FRED, 0.456832, 0.365163, 0.309292, 0.032232, -0.012711 -0.019501, -0.715973, 0.368991, -0.592645, 0.003115, -0.113703, -0.029695, GEORGE, 0.149327, 0.450865, 0.208823, -0.001831, -0.017304 0.002533, 0.323236, -0.273718, 0.905855, -0.003250, 0.174368, -0.051454
TIME, 133, FRED, 0.486199, 0.353683, 0.290691, 0.031612, -0.012444 -0.019310, -0.790470, 0.357267, -0.497511, 0.002407, -0.113703, -0.045765, GEORGE, 0.146443, 0.434309, 0.211066, -0.002045, -0.017151 0.002442, 0.500814, -0.315181, 0.806048, -0.002518, 0.210441, -0.069170
TIME, 134, FRED, 0.512080, 0.344081, 0.262463, 0.026660, -0.009689 -0.028866, -0.859759, 0.345316, -0.376260, 0.001699, -0.116535, -0.047861, GEORGE, 0.152104, 0.415296, 0.215445, 0.007080, -0.024934 0.004059, 0.684186, -0.310385, 0.659902, -0.001831, 0.209067, -0.076952
TIME, 135, FRED, 0.535139, 0.336923, 0.230382, 0.021746, -0.006690 -0.037056, -0.899674, 0.324895, -0.291599, 0.003823, -0.110163, -0.051354, GEORGE, 0.164281, 0.387311, 0.220252, 0.015137, -0.031892 0.004364, 0.826545, -0.309305, 0.470255, -0.003937, 0.201971, -0.076220
TIME, 136, FRED, 0.552355, 0.330195, 0.190221, 0.015861, -0.003951 -0.045157, -0.939623, 0.290721, -0.180525, 0.003115, -0.115827, -0.056944, GEORGE, 0.179556, 0.353878, 0.224952, 0.021180, -0.036927 0.003662, 0.918294, -0.268702, 0.290682, -0.003250, 0.177893, -0.084735
TIME, 137, FRED, 0.563349, 0.328319, 0.142031, 0.009465, -0.000317 -0.052580, -0.972659, 0.225113, -0.057084, 0.000991, -0.105915, -0.071617, GEORGE, 0.204764, 0.318842, 0.224738, 0.027009, -0.039674 0.000824, 0.973250, -0.196431, 0.118750, -0.004669, 0.152394, -0.085421
TIME, 138, FRED, 0.570603, 0.327275, 0.088151, 0.004783, 0.001859 -0.056449, -0.985455, 0.154396, 0.070999, 0.000991, -0.105915, -0.081398, GEORGE, 0.230613, 0.281670, 0.224845, 0.029481, -0.040223 -0.001862, 0.990558, -0.133715, -0.028553, -0.005356, 0.132573, -0.094623
TIME, 139, FRED, 0.573517, 0.330068, 0.035976, 0.001528, 0.003789 -0.056170, -0.983900, 0.074134, 0.162622, 0.000283, -0.112287, -0.088386, GEORGE, 0.258919, 0.244926, 0.221534, 0.030671, -0.039308 -0.005463, 0.985648, -0.041064, -0.163366, -0.001099, 0.123371, -0.103137
TIME, 140, FRED, 0.573297, 0.333230, -0.012648, -0.000641, 0.004617 -0.053702, -0.961677, -0.030501, 0.272481, 0.005239, -0.123615, -0.107949, GEORGE, 0.284555, 0.209784, 0.214591, 0.029603, -0.037141 -0.009522, 0.960205, 0.043085, -0.275839, -0.005356, 0.117695, -0.110920
TIME, 141, FRED, 0.575676, 0.336092, -0.061889, -0.001070, 0.004861 -0.051044, -0.918085, -0.128328, 0.375035, 0.005947, -0.137067, -0.107250, GEORGE, 0.309549, 0.176992, 0.203375, 0.028108, -0.034577 -0.013611, 0.919691, 0.133844, -0.369053, -0.003250, 0.119846, -0.118702
TIME, 142, FRED, 0.577651, 0.339977, -0.109318, -0.001421, 0.005014 -0.047942, -0.828447, -0.241910, 0.505128, 0.003115, -0.129987, -0.115635, GEORGE, 0.333903, 0.142384, 0.191092, 0.026612, -0.032624 -0.017060, 0.845782, 0.231812, -0.480459, -0.003937, 0.119114, -0.117283
TIME, 143, FRED, 0.578070, 0.342587, -0.152135, -0.002024, 0.004717 -0.043976, -0.724414, -0.332257, 0.604011, 0.002407, -0.126447, -0.109346, GEORGE, 0.359325, 0.111301, 0.171758, 0.025239, -0.029908 -0.021210, 0.749505, 0.324828, -0.576794, -0.004669, 0.115589, -0.117283
TIME, 144, FRED, 0.576065, 0.346024, -0.193400, -0.002824, 0.004687 -0.040425, -0.616687, -0.424110, 0.663195, 0.005947, -0.111579, -0.102359, GEORGE, 0.382076, 0.081820, 0.152104, 0.023225, -0.029298 -0.023896, 0.634069, 0.418728, -0.650045, -0.001831, 0.100711, -0.110920
TIME, 145, FRED, 0.573881, 0.350286, -0.231686, -0.003247, 0.004816 -0.036919, -0.504333, -0.507360, 0.698738, 0.003115, -0.096004, -0.093975, GEORGE, 0.403012, 0.052980, 0.126255, 0.021302, -0.027802 -0.027131, 0.549629, 0.484500, -0.680462, 0.000961, 0.088672, -0.103824
TIME, 146, FRED, 0.568690, 0.355783, -0.267931, -0.004012, 0.004980 -0.033581, -0.417731, -0.566761, 0.710128, -0.000425, -0.080428, -0.083495, GEORGE, 0.421812, 0.025849, 0.101154, 0.019288, -0.025636 -0.029023, 0.426034, 0.546460, -0.720939, -0.001831, 0.074526, -0.096042
TIME, 147, FRED, 0.565634, 0.359633, -0.299336, -0.003684, 0.004537 -0.029798, -0.341108, -0.604180, 0.720147, 0.000991, -0.066976, -0.074412, GEORGE, 0.438047, 0.000962, 0.074557, 0.016968, -0.020905 -0.030457, 0.319630, 0.594688, -0.737640, -0.002518, 0.058229, -0.081896
TIME, 148, FRED, 0.560138, 0.363038, -0.328527, -0.003965, 0.004112 -0.026606, -0.251480, -0.635578, 0.729931, 0.002407, -0.053524, -0.063232, GEORGE, 0.458129, -0.016236, 0.044221, 0.017182, -0.018403 -0.030946, 0.240226, 0.694112, -0.678498, -0.003250, -0.040101, -0.137837
TIME, 149, FRED, 0.556747, 0.370202, -0.355790, -0.003528, 0.004691 -0.023771, -0.187657, -0.662293, 0.725364, 0.001699, -0.043612, -0.062534, GEORGE, 0.474471, -0.035569, 0.013886, 0.015687, -0.016663 -0.031556, 0.197886, 0.838377, -0.507818, 0.000275, -0.127903, -0.197989
TIME, 150, FRED, 0.557158, 0.372762, -0.380434, -0.002303, 0.003606 -0.021075, -0.119762, -0.681144, 0.722288, 0.003823, -0.032285, -0.059739, GEORGE, 0.494659, -0.053942, -0.013993, 0.015076, -0.014374 -0.031526, 0.177396, 0.956731, -0.230327, 0.005951, -0.207190, -0.260292
TIME, 151, FRED, 0.553814, 0.374657, -0.402257, -0.002690, 0.002874 -0.018410, -0.078902, -0.712703, 0.697015, 0.000991, -0.018832, -0.056245, GEORGE, 0.505875, -0.069430, -0.046892, 0.011567, -0.010956 -0.032990, 0.155030, 0.976154, 0.151595, 0.014466, -0.273751, -0.303507
TIME, 152, FRED, 0.550842, 0.377777, -0.419964, -0.002696, 0.002766 -0.015543, -0.043185, -0.743320, 0.667540, -0.001841, -0.011045, -0.053451, GEORGE, 0.515915, -0.078081, -0.076479, 0.009033, -0.006897 -0.032472, 0.103279, 0.841395, 0.530405, 0.017304, -0.297830, -0.300668
TIME, 153, FRED, 0.547557, 0.380113, -0.437287, -0.002666, 0.002437 -0.013608, -0.011382, -0.771947, 0.635585, -0.001133, -0.006089, -0.050656, GEORGE, 0.525529, -0.084704, -0.109806, 0.007385, -0.004242 -0.032838, 0.039160, 0.577903, 0.815091, 0.017304, -0.275902, -0.255348
TIME, 154, FRED, 0.545334, 0.380397, -0.452117, -0.002252, 0.001801 -0.011588, 0.026555, -0.798780, 0.601036, 0.000283, -0.003965, -0.045066, GEORGE, 0.533326, -0.088015, -0.143345, 0.005707, -0.002167 -0.032655, 0.002077, 0.282947, 0.959096, 0.017304, -0.230582, -0.199408
TIME, 155, FRED, 0.543907, 0.381077, -0.464072, -0.001861, 0.001530 -0.009569, 0.034411, -0.811682, 0.583085, 0.002407, 0.000283, -0.038079, GEORGE, 0.540910, -0.092822, -0.172399, 0.004517, -0.001495 -0.030885, -0.020725, 0.046379, 0.998667, 0.015198, -0.171804, -0.135685
TIME, 156, FRED, 0.541091, 0.383588, -0.474322, -0.001970, 0.001865 -0.007872, 0.049301, -0.833638, 0.550106, 0.000283, 0.002407, -0.040874, GEORGE, 0.544969, -0.093784, -0.202948, 0.002991, -0.000122 -0.029908, -0.037900, -0.105328, 0.993696, 0.010208, -0.113025, -0.080477
TIME, 157, FRED, 0.530000, 0.386107, -0.483273, -0.001387, 0.001932 -0.006477, 0.074150, -0.852207, 0.517924, -0.001133, 0.002407, -0.035284, GEORGE, 0.549242, -0.096668, -0.230186, 0.002045, 0.000275 -0.028291, -0.032627, -0.187548, 0.981666, 0.005219, -0.066332, -0.037309
TIME, 158, FRED, 0.530000, 0.385259, -0.491890, -0.001240, -0.000633 -0.005026, 0.095134, -0.863436, 0.495407, 0.002407, 0.002407, -0.035983, GEORGE, 0.552232, -0.100833, -0.254860, 0.001129, 0.000305 -0.026460, -0.028214, -0.234235, 0.971734, 0.003113, -0.029481, -0.016068
TIME, 159, FRED, 0.530000, 0.384846, -0.497134, -0.001258, -0.001692 -0.003651, 0.098327, -0.880543, 0.463655, 0.002407, 0.005239, -0.032489, GEORGE, 0.552446, -0.099445, -0.277932, 0.000153, 0.001709 -0.024476, -0.022847, -0.232418, 0.972316, 0.003800, -0.001190, 0.003021
TIME, 160, FRED, 0.530000, 0.382198, -0.498892, -0.001520, -0.002679 -0.002165, 0.116669, -0.898883, 0.422373, 0.000991, 0.007363, -0.035284, GEORGE, 0.554903, -0.100193, -0.302927, 0.000092, 0.001709 -0.023469, -0.014844, -0.215377, 0.976365, 0.000961, 0.015061, 0.015061
TIME, 161, FRED, 0.530000, 0.380018, -0.501809, -0.001266, -0.003039 -0.001686, 0.116071, -0.912561, 0.392122, 0.001699, 0.008779, -0.031092, GEORGE, 0.553942, -0.096453, -0.326960, -0.000671, 0.002808 -0.022218, -0.025981, -0.193291, 0.980712, -0.000412, 0.026368, 0.011536
TIME, 162, FRED, 0.530000, 0.376852, -0.506121, -0.000540, -0.003391 -0.001978, 0.129700, -0.922521, 0.363500, -0.001133, 0.011611, -0.031791, GEORGE, 0.552980, -0.094317, -0.349818, -0.001129, 0.002533 -0.020692, -0.037864, -0.157569, 0.986757, 0.003113, 0.029206, 0.017899
TIME, 163, FRED, 0.530000, 0.374806, -0.508583, -0.001084, -0.003278 -0.001763, 0.126284, -0.932858, 0.337384, -0.001133, 0.016567, -0.023406, GEORGE, 0.554903, -0.094317, -0.369900, -0.000488, 0.001648 -0.018769, -0.028665, -0.125311, 0.991667, 0.003113, 0.029939, 0.021424
TIME, 164, FRED, 0.530000, 0.370078, -0.511604, -0.001100, -0.003903 -0.001617, 0.126111, -0.938042, 0.322759, 0.004531, 0.017275, -0.029695, GEORGE, 0.556078, -0.094638, -0.387310, -0.000702, 0.001404 -0.016663, -0.031297, -0.088960, 0.995501, 0.000961, 0.023575, 0.014328
TIME, 165, FRED, 0.530000, 0.365834, -0.513039, -0.000954, -0.003906 -0.001328, 0.125703, -0.953784, 0.272938, -0.001133, 0.018691, -0.031791, GEORGE, 0.556398, -0.093143, -0.401196, -0.001007, 0.001587 -0.014588, -0.027275, -0.068075, 0.997268, -0.001099, 0.019318, 0.009384
TIME, 166, FRED, 0.530000, 0.361295, -0.513678, -0.000796, -0.003869 -0.000838, 0.118736, -0.964229, 0.236988, -0.003257, 0.017275, -0.031092, GEORGE, 0.554582, -0.092075, -0.416791, -0.001587, 0.001190 -0.013550, -0.046744, -0.045034, 0.997828, -0.000412, 0.009385, 0.010804
TIME, 167, FRED, 0.530000, 0.359781, -0.515178, 0.000010, -0.003297 -0.000962, 0.121399, -0.971541, 0.203397, 0.003823, 0.020107, -0.031092, GEORGE, 0.555330, -0.091540, -0.425016, -0.000977, 0.000793 -0.008362, -0.049101, -0.042262, 0.997826, 0.000961, 0.000915, 0.005127
TIME, 168, FRED, 0.530000, 0.356662, -0.517210, -0.000143, -0.003460 -0.000904, 0.126351, -0.976596, 0.174058, -0.003257, 0.012319, -0.024804, GEORGE, 0.550417, -0.089618, -0.438581, -0.002136, 0.000885 -0.009522, -0.049600, 0.069303, 0.996286, 0.004532, 0.124790, 0.069582
TIME, 169, FRED, 0.530000, 0.355011, -0.518439, -0.000261, -0.003045 -0.000699, 0.134143, -0.980279, 0.145119, -0.000425, 0.013735, -0.016419, GEORGE, 0.549989, -0.088763, -0.450865, -0.001709, 0.000671 -0.009613, -0.054273, 0.308327, 0.949668, 0.005951, 0.238090, 0.125523
TIME, 170, FRED, 0.530000, 0.349591, -0.518961, -0.000185, -0.003794 -0.000479, 0.133699, -0.983080, 0.125211, -0.000425, 0.016567, -0.016419, GEORGE, 0.550096, -0.086734, -0.457701, -0.001495, 0.000610 -0.008057, -0.046062, 0.588009, 0.807448, 0.009476, 0.302499, 0.158757
TIME, 171, FRED, 0.530000, 0.344218, -0.517193, -0.000455, -0.004050 0.000178, 0.097241, -0.988775, 0.113436, 0.001699, 0.016567, -0.010131, GEORGE, 0.547426, -0.088763, -0.465072, -0.001617, -0.000519 -0.007416, -0.043581, 0.830724, 0.554901, 0.012360, 0.301080, 0.164434
TIME, 172, FRED, 0.530000, 0.340630, -0.518243, -0.000654, -0.003963 -0.000071, 0.095744, -0.989875, 0.104786, 0.000991, 0.016567, -0.008734, GEORGE, 0.546037, -0.091006, -0.476180, -0.001556, -0.001160 -0.007355, -0.019218, 0.965199, 0.260578, 0.013047, 0.259331, 0.137562
TIME, 173, FRED, 0.529663, 0.336311, -0.519820, -0.000616, -0.004037 -0.000401, 0.069758, -0.994277, 0.080907, 0.003823, 0.018691, -0.007336, GEORGE, 0.544862, -0.088656, -0.482162, -0.001587, -0.000397 -0.006012, -0.019916, 0.999159, 0.033900, 0.010895, 0.196295, 0.102130
TIME, 174, FRED, 0.528461, 0.333364, -0.520235, -0.000745, -0.003749 -0.000404, 0.060729, -0.995968, 0.066038, 0.001699, 0.010903, -0.010131, GEORGE, 0.543046, -0.089724, -0.485580, -0.001648, -0.000977 -0.004883, 0.020568, 0.988866, -0.146893, 0.006638, 0.133992, 0.069582
TIME, 175, FRED, 0.525725, 0.328786, -0.519708, -0.001214, -0.003920 -0.000169, 0.057366, -0.996611, 0.058960, -0.001133, 0.010903, -0.008035, GEORGE, 0.537278, -0.092608, -0.492096, -0.002503, -0.001984 -0.004883, 0.034651, 0.973276, -0.226840, 0.003113, 0.078784, 0.034883
TIME, 176, FRED, 0.525605, 0.325788, -0.518065, -0.000812, -0.003677 0.000348, 0.043220, -0.998323, 0.038513, 0.004531, 0.011611, -0.010131, GEORGE, 0.537172, -0.094852, -0.498077, -0.001648, -0.002289 -0.004486, 0.019958, 0.960058, -0.278953, 0.002380, 0.033464, 0.010117
TIME, 177, FRED, 0.525985, 0.320114, -0.520715, -0.000404, -0.004354 -0.000491, 0.052529, -0.998209, 0.028618, 0.002407, 0.008071, -0.013625, GEORGE, 0.537172, -0.096774, -0.501389, -0.001007, -0.002228 -0.003296, 0.023494, 0.957367, -0.287698, 0.001694, 0.002335, -0.008972
TIME, 178, FRED, 0.524691, 0.315998, -0.522026, -0.000653, -0.004296 -0.000699, 0.044998, -0.998945, 0.009219, 0.005239, 0.007363, -0.010830, GEORGE, 0.536317, -0.099872, -0.507157, -0.001038, -0.002625 -0.003479, 0.012500, 0.961800, -0.273256, 0.003800, -0.019593, -0.017487
TIME, 179, FRED, 0.525056, 0.306957, -0.521189, -0.000201, -0.010084 -0.000310, 0.046946, -0.998867, -0.007797, 0.001699, 0.000283, -0.010830, GEORGE, 0.535035, -0.100085, -0.509720, -0.000855, -0.002319 -0.002747, 0.005542, 0.970653, -0.240265, 0.003800, -0.034471, -0.013916
